用户,时间,内容
杨书喻,2023年06月10日 12:52  来自 iPhone客户端,"c
杨书喻
2023年06月10日 12:52  来自 iPhone客户端
体制内新人设：踏实肯干但体弱多病"
紫去独闲,05月14日 13:03  来自 iPhone 16 Pro Max,"c
紫去独闲
05月14日 13:03  来自 iPhone 16 Pro Max
————————前情———————

【小紫，关注很久了第一次留言，希望被看到。

我是十八线小城的体制内，毕业后在一家公司做采购，后面考试回到了家里。原本以为会和大部分体制内一样，到年龄了和一个差不多也在体制内的结婚。但是后面经朋友介绍认识了现在的男朋友，他在外省央企，工作也是非常 展开c"
药学长plus,02月05日 17:24  来自 iPhone 11,"c
药学长plus
02月05日 17:24  来自 iPhone 11
你可能觉得我在胡说八道，但事实就是如此，医院里的医生、体制内的公务员，本质上都是“穷人”。一年十几万的收入，真的能让你过上理想的生活吗？差的太远了。体制内有很多人，每天按部就班地上班、下班，周末吃喝玩乐，觉得自己已经站在了人生的巅峰。但实际上，这种“迷之自信”不过是自我安慰罢了。 展开c"
-阿说-,31分钟前 转赞人数超过10,"c
-阿说-
31分钟前 转赞人数超过10
今天又来上体大，但这次来的是徐汇校区，跟华东理工大学离得非常近！这边真的比杨浦校区本部小太多了，基本上以体院的学生为主，建筑主要是各个项目的训练房。宿舍楼不大，大概两栋左右，没仔细看。平时上课的地方在旁边的一个校区，也不大，初中到高中、大学大专都在那层建筑里上课。

这次的向导是 展开c"
独望渤海风,今天22:36  来自 iPhone客户端,"c
独望渤海风
今天22:36  来自 iPhone客户端
今天是平平无奇的，12月14号，但发生的事情还挺难忘的，我觉得值得写一下。
今天在全家的努力下，我又换了一辆新的车，一个很喜欢的suv。爸爸的旧车走了报废，发挥了最后的预热，他也顺理成章的继承了我那个刚开了两年的轿车。子没承父业，父承子车了。
今天的时间还是比较紧凑的吧，他早上来涿州接的 展开c"
小何吨吨,今天22:25  来自 iPhone客户端,"c
小何吨吨
今天22:25  来自 iPhone客户端
冬天最不喜欢套被子，一层，两层，麻烦。
想买家里的同款被子，和妈妈感慨，现在真想通了，被子就应该买床好的，想换蚕丝被。

我妈：等你结婚，送给你。

现在听这话就好躁，无稽之谈，嗤之以鼻，以前期待结婚妈妈会送我一床好被子啦，大几千呢，现在“我不结婚，这辈子就不能盖床好被子啦！”
得一直 展开c"
一罐发呆酒,今天16:56  来自 微博网页版,"c
一罐发呆酒
今天16:56  来自 微博网页版
就这么定了。我要去给自己弄一个好的title，专业不重要，方向只要我感兴趣就行。好消息是，我感兴趣的方向通常都不好找工作，所以一般不会太热门，反而适合捡漏。
title就是我的退路，我总能凭着title找一条重新开始的路。
我得接受这个事实，就是我不属于金融街，也不属于体制内。我或许能适应，但我 展开c"
超幸运的菠萝蜜,今天13:56  来自 vivo X200 Pro,"c
超幸运的菠萝蜜
今天13:56  来自 vivo X200 Pro
#不要在有毒环境证明自己#
来说说为什么我在2019年考编上岸后，2025年又 再次考编吧

现在的单位，科室里已经没有我的位置了，脱离大夜班也基本无望，夜班要上到52岁，这是压死我的最后一根稻草

除了高年资老师不上夜班，只有责任组长和带教老师有机会早日脱离夜班，而这两个位置 展开c"
真理和我都困了_,今天00:12  来自 iPhone客户端,"c
真理和我都困了_
今天00:12  来自 iPhone客户端
有时候觉得我爸根本就不爱我，也不能说不爱，只是没那么爱。今天晚上我爸给我打电话说明天回家给我做午饭，我说我要睡觉我不吃，接着他又说那给我带早餐，我说我不吃我要睡觉。然后莫名其妙的问我这个月业绩完成了没有，我说没有。他就说那你一天下了班回家不多琢磨，不要一天回家就知道玩游戏浪费时间 展开c"
赵老师很努力,12月13日 09:21,"c
赵老师很努力
12月13日 09:21
想离开县城，想去大城市，想考研，路怎么走？

网友来信：

赵老师，您好，我是考教资面试的时候认识您的，很佩服您教的结构化，感觉您情商很高，所以想向您求助。

我是上半年毕业的二本师范生，我大四那年觉得考研好难考感觉考不上，心里有点排斥考研（我高考考了两次，心里不太喜欢再经历一次像高考 展开c"
芥末三文鱼饼干,12月12日 21:06  来自 iPhone,"c
芥末三文鱼饼干
12月12日 21:06  来自 iPhone
一篇抒发焦虑的帖子 如果你不想被影响请滑走
我什么时候才可以吃到时代的红利？在20年选了英语，语言越来不热门；24年选了新传，新传越来越冷门。虽然我仍然很喜欢这些专业，它们给我在体验感方面带来的价值是那些热门专业毕业后薪资换不来的。
在这里的讲座很多，我每次听完都佩服她们的能力尤其是表 展开c"
用户7934705471,12月12日 16:14  来自 微博网页版,"c
用户7934705471
12月12日 16:14  来自 微博网页版
我来告诉你为什么我看起来很闲.

因为我不像很多体制内的大学一样, 在期末周以外的时间大玩特玩. 因为我一个学期不是只学那么几周, 而是每天只不学那么几个小时. 因为我不是只要通过就可以, 因为我们没几个人上课, 因为我们大部分的课需要全神贯注听, 因为我们上课用的不是闭上眼睛也能听懂的中文.

展开c"
柿柿如意yyk,12月12日 11:53  来自 iPhone客户端,"c
柿柿如意yyk
12月12日 11:53  来自 iPhone客户端
讲一个大多数我们女性都不愿意接受的真相：
我以前只当女强人，从不花男性一毛钱甚至是男性思维，我在接触他们很多男性的过程中发现：真正优秀的男人，往往是极度理性和现实的，甚至充满算计。我在事业高峰时期也很忙但我不算计我丈夫。并不代表所有人。这里讲的是男性。绝大多数女生所期待的那种“向 展开c"
草莓大棚法考,12月11日 21:19 转赞人数超过40  来自 iPhone 17 Pro,"c
草莓大棚法考
12月11日 21:19 转赞人数超过40  来自 iPhone 17 Pro
2025法考经验贴 | 非法本在职体制内通过经验

《我的法考通关秘籍：从""法盲小白""到""过儿""的奇幻漂流》

""当我在法考成绩查询页面看到那串数字时，那一刻，我终于可以理直气壮地宣布：本咸鱼，翻身了！我写的比较啰嗦，但真切希望给备考法考的哥哥姐姐，弟弟妹妹一些建议。

个人基本情况：本人在职、非 展开c"
乔泡面,12月11日 19:58  来自 iPhone客户端,"c
乔泡面
12月11日 19:58  来自 iPhone客户端
v0082

带着从未来穿越过来的儿子去找他爸。
没想到儿子他爸居然是我男朋友的小叔。
面对高不可攀的男人，我瑟瑟发抖。
「其实，我俩有个儿子。」
男人嗓音淡漠森然，「要我提醒你，你和我侄子的关系吗？」
为证明我没有骗他，我羞耻地开口。
「你屁股上有一颗痣。」
1
看着手里的亲子鉴定报告，我傻眼 展开c"
我也不想家里蹲啊,12月11日 19:43 转赞人数超过100,"c
我也不想家里蹲啊
12月11日 19:43 转赞人数超过100
给bot递奶茶
高柱2022大学毕业，考研两次失败，一次中招口罩，一次过国家线选择不调剂放弃。
高柱在不考公＝违背祖宗的ip，于是又开始考公考编，但本身其实一点都不想去体制内 +考试失败考试失败的循环让我非常痛苦，加上从考研开始就患上焦虑症，最后彻底放弃这种通过考试改变人生的路子，开始无限家 展开c"
-桥本环娜,12月11日 16:24  来自 iPhone客户端,"c
-桥本环娜
12月11日 16:24  来自 iPhone客户端
我的父母没有什么文化，但他们很爱我。
出生在农村，所以条件有限，爸爸年轻的时候不好学，和兄弟们做生意，于是我家曾经宽裕过一些日子。但做生意，总是起起伏伏，所以就也有‘破产’过。于是乎，他们总希望我可以考公或者考编，因为体制内非常的“稳定”，而“稳定”对于漂泊的他们而言，是非常难能 展开c"
彭渊渊,12月11日 14:50  来自 Android,"c
彭渊渊
12月11日 14:50  来自 Android
刚结婚那会，公公婆婆应该不太喜欢我的，可能觉得我高攀他们了吧，大嫂和弟媳娘家都有助力，弟媳更不用说了，她娘家全员体制内的，公务员的身份，公公是最喜欢的。加上他弟是公公婆婆亲生的，是这个家的金菠萝，所有资源都倾向于他们。

过年过节回老家的时候，公公永远都是喊我做事的，弟媳坐那里他从 展开c"
結衣雲子,12月11日 12:31  来自 iPhone 16 Pro Max,"c
結衣雲子
12月11日 12:31  来自 iPhone 16 Pro Max
微博请颤抖！我回归了！

被ban没地方说话了！

11.28 21:57
我真的不要再焦虑了，人生的意义其实是虚无的。

11.28 22:19
抖音一溜烟刷下来眼睛没干过，刷的我呼吸短促右胸刺痛了。。。能不能不要给我推什么人间疾苦了，我一点也不想看到，这是惩罚。。。

11.29 00:03
和一万元写fyp太爽了，写的最爽 展开c"
独孤龙666,12月11日 08:09  来自 微博网页版,"c
独孤龙666
12月11日 08:09  来自 微博网页版
伤残人给湖南省珠晖法院院长邓雪的揭露 珠晖法院司法腐败分子王小卉与司法黄牛狼狈为奸的真相的一封信

抱歉，打扰了，举报腐败是宪法给予公民的权利，冷漠轻视置之不理是你的自由，体现的是官员设立的举报平台不是为了方便群众只是用于欺上压下，违反《中国共产党党章》职业道德与党性原则。我之所以 展开c"
lxy_xinyi,12月11日 01:09  来自 iPhone 15 Pro,"c
lxy_xinyi
12月11日 01:09  来自 iPhone 15 Pro
副老板最近找我喝茶，没有让我汇报工作，而是问我，在生活上是否感觉满足、在工作岗位上是否得到更好的成长？
我表达了自己可能不擅长体制内的想法。
他摇头，指出我在工作上非常收敛自己，中庸之道，不会是领导最爱派活的那个，也不是领导会忽略的那个。工作干得少而精，汇报时谦虚有思考，反而留下的 展开c"
她叫小泽又沐风,12月10日 23:22  来自 百无聊赖iPhone 16 Pro,"c
她叫小泽又沐风
12月10日 23:22  来自 百无聊赖iPhone 16 Pro
好久没记我的赛博同学录了，但是刚好刷到一个鼓励告白的帖子，我暗自腹诽没人值得我沉没成本去告白，如果一定要有的话……我搜寻记忆，想起一个人。

H是我的好朋友。

小升初之前我对H最分明的印象就是，他是个标准的人。不同与从前分享的B，漂亮夹杂清贫，我喜欢的那个男孩儿帅气但是廉价，H是一个非 展开c"
张雪Victoria,12月10日 20:38  来自 和张雪一起早起超话,"c
张雪Victoria
12月10日 20:38  来自 和张雪一起早起超话
👍🏻抽时间就来赞美自己啦~
#赞美自己5000次# 1745/5000

1741.我在今年生日的时候许愿2026年自己的关键词是真诚，我祝福自己可以真诚的面对自己的野心，真诚的面对自己的欲望，真诚的面对自己的需求，先把自己当回事儿，好好的富养自己，随喜赞叹自己祝福自己！

1742.我真的发自内心的佩服在体制 展开c"
TheOne无限,12月10日 12:28 转赞人数超过40  来自 无聊🙄iPhone客户端,"c
TheOne无限
12月10日 12:28 转赞人数超过40  来自 无聊🙄iPhone客户端
这段时间已经不止一个人问过我这样一个问题，在体制内要注意什么？
在体制内，最需要注意的是不折腾，做好份内的事情，绝不要越界。
我见过不少女生在体制内活的特别压抑，拧巴的。为什么？因为领导一安排工作，她们就如同打鸡血一般搞事儿，巴不得在领导面前表现的比别人优秀十倍。但做完了的结果是什 展开c"
西梅鉴茶师,12月09日 15:30,"c
西梅鉴茶师
12月09日 15:30
你们觉得体制内好还是体制外好？
我的感受。
当初为了钱从部队到国企，又从国企到私企。
钱一次比一次多。生活质量一次比一次差。
在私企拿50万左右的年薪，比国企20万年薪的生活水平降低了1-2个档次。
在国企的时候，衣食住行。全不用自己操心。包括公园票，电影票，休假车票，洗漱用品，电脑，平板， 展开c"
用户7603529477,12月09日 14:56  来自 轩轩baby哈iPhone 15,"c
用户7603529477
12月09日 14:56  来自 轩轩baby哈iPhone 15
刚才看到一个清华的姐妹回忆在体制内被职场霸凌的视频。
我的一个朋友说：
你可知道我也遭遇了职场霸凌，这学期开学我莫名其妙被点名批评，我两个月没有见他，他在开会的时候直接开骂，说我不行别干了，之后不解气，把我叫到他的办公室继续开骂。我在平复完他的情绪之后，自己却陷入了焦虑。
之后还有 展开c"
著名品牌营销专家于斐,12月09日 09:27  来自 于斐频道HarmonyOS设备,"c
著名品牌营销专家于斐
12月09日 09:27  来自 于斐频道HarmonyOS设备
医生打造个人品牌，刻不容缓！
我在实战授课时有几点随想：
✅✅ 医院品牌不等于医生个人品牌，离开医院平台搞不好什么都不是，
体制内给你的头衔，
不等于大众的认可和口碑。
衡量医生是否牛逼的唯一标准，
是看他离开医院这个平台，
还会有多少病患会认他！
✅✅ 医生的医学教育都是专科化教育，
除 展开c"
留拙-,12月09日 02:42  来自 vivo X90,"c
留拙-
12月09日 02:42  来自 vivo X90
从某种角度说，我挺不想考公的，整个大学时代都没有想过进入体制内。有一些是天真，有一些是性格，人生退无可退时，不得不走这样的路。截止昨天我总共考了十余次试，没有一次进面。失败到一半时，我开始正视我的问题，行测是观念产生了质变，而申论是勇敢的开了个头。我很幸运，第一次做行测就是68分， 展开c"
女皇献世,12月09日 01:42  来自 iPhone客户端,"c
女皇献世
12月09日 01:42  来自 iPhone客户端
22年，我拿着菜刀进了卫生间，把门反锁上。在我家借住的朋友发现不对劲，把门敲开，我出来，两个人抱在一起崩溃大哭。在经历了一场骚扰之后，我发现没有人愿意帮我，所有人都在看热闹一样：一个年轻女孩选择出轨足够成为所有人的谈资，谁不想看堕落的戏码，谁不想在道德高地上指责，谁愿意帮助这样一 展开c"
繁华转身是落寞721,12月08日 21:31  来自 华为手机,"c
繁华转身是落寞721
12月08日 21:31  来自 华为手机
其实今天的心情氛围都很好，但是本来我打算用众所周知这个词开场的，但是总感觉略微有那么一些烦，当然不是那种内容发了，不是那种然后正常的反而是说那种好像是外界的一些个东西，就是说并非你内心滋长出来的烦这种。能感觉得到的这种

Ok，说正题吧，刚才我非常难得的听到一首歌，并不是这首歌有多么 展开c"
疆还是老的辣,12月08日 19:23  来自 微博网页版,"c
疆还是老的辣
12月08日 19:23  来自 微博网页版
当甲方骂乙方“滚出去”的那一刻，我意识到百度的问题根本不是业务

最近，看到百度裁员的消息，心里并不意外。说实话，这家公司走到今天这个地步，用两个字形容——活该，一点都不重。这不是幸灾乐祸，而是长期近距离接触后得出的结论。

我从 21 年到 24 年曾带过一个业务团队，做百度的供应链外包， 展开c"
碎片化成长笔记,12月06日 07:22  来自 OnePlus 8T,"c
碎片化成长笔记
12月06日 07:22  来自 OnePlus 8T
书名：用一年时间重生：如何从0到1开启个人事业

与其等待生活给你答案，不如自己去发现
只要你还能阅读，生活就还有转机
只要还有时间，你就永远不会一无所有
当你走向一个正确方向的时候，一开始你会有新手的运气，开局会很顺利。

1.社会人的学习，第一步就是要学习如何提问。

比如有人提问
“老师 展开c"
-白桃烏龍茶茶記-,12月06日 03:53  来自 iPhone客户端,"c
-白桃烏龍茶茶記-
12月06日 03:53  来自 iPhone客户端
#深夜树洞#天呐 我真的不知道该怎么诉说，我的爸妈因为我在超高待遇的体制内待得不开心就二话不说同意我辞职，尤其我妈还是山东人不敢想这个含金量（虽然还是执着让我继续考公），现在我已经在家gap一年，但是得知我想要出国发展，说外面没有资源，退而求其次，问我想去国内哪个城市发展不行买套房在那 展开c"
秋日胜春6502551837,12月05日 19:35  来自 北京大学超话,"c
秋日胜春6502551837
12月05日 19:35  来自 北京大学超话
【恶人孔庆东】（1151）

写与央妹#央妹#

阶级斗争就是你S我活的斗争。一一孔庆东

央妹，孔老师所谓的阶级斗争，他要斗的是谁？他孔庆东只是用这句话在遮掩自己恶人本性罢了。

“有的时候，我都怀疑你就是个汉奸穆黑。”

央妹，如果我对你说这句话，你会如何？

“你与小白说过我们？”

央妹，这 展开c"
职场日记-都是什么人才会这样,12月05日 19:09  来自 荣耀100 Pro 写真相机,"c
职场日记-都是什么人才会这样
12月05日 19:09  来自 荣耀100 Pro 写真相机
12月5日

10：41
LL：以后光荣退休，呼一声窝。

17：23
ZRF：这个机器不行，有问题（暗语）。然后对SYF说：你去吃饭吗？
SYF说我等下上去看看有没有什么剩饭剩菜。

17：39
饭堂花姐当着我的面举起手拍蚊子（暗语，来源于宿舍）。其实她举起手拍的时候根本没有蚊子，我看着她就是为了弄个暗语手势给我 展开c"
转身亦是永远,12月05日 18:08  来自 中信书院App,"c
转身亦是永远
12月05日 18:08  来自 中信书院App
“年轻人，我不太懂。”接到我的采访需求，在一家创新医药公司做副总的王威先回了这么一句话。他所在的公司位于上海张江高科技园区，这里的生物医药产业集群，是很多相关专业年轻人求职的梦想之地。去年，有100多名应届生通过校招形式进入公司，很多都来自国内的名校。不过，和他们不多的几次接触，都 展开c"
祛魅研究所,12月05日 15:22  来自 荣耀70 5G,"c
祛魅研究所
12月05日 15:22  来自 荣耀70 5G
通过近期的深度自我剖析，我清晰地认识到一个基本事实：我与弘毅共享着同一种认知模式。

优势面： 我的大脑在为复杂信息建模、进行战略洞察和创造性连接时，会进入高效且愉悦的心流状态。这使我在进行宏观战略思考时，能感受到一种智力上的狂喜与非凡效能。

劣势面： 然而，当面对需要线性、重复、注 展开c"
我是梦回唐朝999,12月05日 08:12  来自 微博网页版,"c
我是梦回唐朝999
12月05日 08:12  来自 微博网页版
今天转的这篇文章太重要了

现在看，有必要单独成篇，天天诵读。我理解，重要性主要体现在以下方面：

第一，文章指出了慢慢变富的正确道路。

路正就不怕道远，最怕的是南辕北辙。

穷人和富人的差别不是因为智商，而是因为他们走在不同的路上。

不论你从事什么工作，不论是自己创业还是打工人，不论 展开c"
庚白星君,12月05日 01:53  来自 微博网页版,"c
庚白星君
12月05日 01:53  来自 微博网页版
海南封关后，优势在哪里？

升值计

看到网上很多人在唱衰海南，尤其是很多海南本地人不看好海南，觉得海南以前也有过很多机会，没有发展起来，所以理所当然，现在也发展不起来。持这种观点的人，既对经济缺乏了解，也对地理缺乏认知，更对 展开c"
范曾研究会,12月04日 10:44  来自 华为手机,"c
范曾研究会
12月04日 10:44  来自 华为手机
侠骨藏仁心 丹心照千秋／在浊世中坚守正义与价值的精神叩问

王凡

近日与《周公研究》总编、范曾研究会杨青云会长晨间畅谈，思想共鸣间更添对世事人心的深刻体悟。辗转四地的奔波虽累，却让我在喧嚣尘世中愈发清晰地看到一种稀缺的精神光芒，那是鲁智深式的侠义肝胆，是彭大将军般的刚正不阿，是吴塞 展开c"
GingerGwd,12月04日 05:22  来自 微博网页版,"c
GingerGwd
12月04日 05:22  来自 微博网页版
直到今天我才真正想明白，为什么今年我精神状态这么不好，尤其是在二月和八月，情绪差到几乎生活里的一切都要停滞

因为我的父系家长试图摧毁我所有的安全感，摧毁我所有的支持系统

这无关乎社会成就，无关乎脑系统
不知道是不是战后ptsd的原因，按说就算68年以后有饥荒问题，也不是战时了

现在才知 展开c"
孤鸿泽,12月03日 21:25 转赞人数超过100  来自 微博网页版,"c
孤鸿泽
12月03日 21:25 转赞人数超过100  来自 微博网页版
整理文件时发现原来上班时的offer，给大家讲个小故事。我2010年在央企的时候年薪12万，我认为我值20万/年，这导致我不太高兴。但也没下决心离开，毕竟是编制铁饭碗。校招想进我们集团，TOP2之外都费劲。这种资源稀缺的骄傲感，也是一种价值。

到2013年的时候我就有点忍不了了，我当时的薪资涨到16万， 展开c"
艾莉亚123,12月03日 18:52 转赞人数超过10  来自 荣耀20,"c
艾莉亚123
12月03日 18:52 转赞人数超过10  来自 荣耀20
1，我算明白了，我堂哥让我主动给他表妹打电话，是觉得人家能量不小，让我巴结？

那既然能量不小，她那事就不用打官司啊，再说，洛阳满大街都是律师，能不认识几个律师，还用找我啊。。。

2，还让我多联系，应该有好处。。。

我堂哥也知道我干律师8-9年了，怎么现在才给说他表妹有资源？咋不早给我 展开c"
龙眠村甿,12月03日 17:50 转赞人数超过20  来自 123iPhone客户端,"c
龙眠村甿
12月03日 17:50 转赞人数超过20  来自 123iPhone客户端
《欲说当年好困惑》

在我心底埋藏着一件隐秘的往事，浸满了羞愤与屈辱。三十年过去，它仍如一根哽在喉间的刺，咽不下，也吐不出。那些早已远去的人与事，总在不经意间浮上心头，就像冷不丁吞下几只从秽处飞来的蝇虫，霎时间恶心翻涌，让人忍不住作呕。
上个世纪八十年代，户籍是横亘 展开c"
赵老师很努力,12月03日 09:39,"c
赵老师很努力
12月03日 09:39
别迷信学历，更别迷信男人

网友来信：

赵老师，我今年28岁，普通一本毕业，持有初级会计证。

过去五年，我在县城的国有银行担任柜员，但由于情商不高，工作一直没什么起色。

后来我辞职全职备考研究生，但学习能力较弱，理解力差，专注时间很难超过20分钟。渐渐发现自己差距太大，根本考不上，每天 展开c"
榴莲的小白,12月02日 18:44  来自 陈丽君超话,"c
榴莲的小白
12月02日 18:44  来自 陈丽君超话
陈丽君超话 我滴闺蜜们都知道我在追陈丽君哈哈哈哈哈哈！说的对啊，还是得追体制内的星！根正苗红！@陈丽君_点绛唇 #陈丽君戏永一##陈丽君 我的大观园##陈丽君 第十八届文华奖#"
喵小姐8418406,12月02日 18:07  来自 OPPO Reno11 5G,"c
喵小姐8418406
12月02日 18:07  来自 OPPO Reno11 5G
我这二十年

有时候，从往事里释放出来，比遗忘更重要。
许多从前，它或许越飘越远。
也或许被流年吹彻，被遗忘磨蚀，又被记忆牵扯。所以纪伯伦说：“记忆是相见的一种方式。
此刻，女儿安睡，我的思绪，犹如春风中的野草，苒苒生长。我在想，静下来回忆从前，是不是，就在与年轻的自己见面呢？

      展开c"
Whatmelon子,12月02日 17:21  来自 一加 Ace 5 YYDS,"c
Whatmelon子
12月02日 17:21  来自 一加 Ace 5 YYDS
家人们谁懂啊，怎么体制内还有这么没素质的人，一点边界感都没有，拿别人东西都不知道打招呼的。今天下午去开会，大家都走得急，所以我笔记本上微信都没来得及退，网页文件也都打开着，然后领导开会到一半说让再拿个电脑来，有个男的就跑回去拿电脑了，鬼知道他拿的是我的电脑。拿回来直接 展开c"
1二儿1,12月02日 13:00  来自 Xiaomi 13,"c
1二儿1
12月02日 13:00  来自 Xiaomi 13
最近看一个前银行行长女博主（外形气度谈吐我觉得是有可能性的）讲，从雇佣关系的根源上讲明白了，上班就不会是带给员工快乐这一伟大哲理。近期，我在深入思考如何能够干一票大的然后提前退休，或者如果有一天老子我不在体制内熬退休了，那我会干点什么去
我的结论是搞银发经济，如何提高他们的 展开c"
云退2021,12月02日 10:19  来自 华为手机,"c
云退2021
12月02日 10:19  来自 华为手机
今天是父亲的生日。因为是工作日，父母又住在乡下，即便午休有两个小时，我也来不及赶回去陪他吃一顿午饭。照例只有母亲陪着他。O父亲

上午十点，当我的电话打过去的时候，父亲正在做香肠。他语气平静，像在说一件再平常不过的事：“没事，不就是过个生嘛，年年都过的。”可我在那熟悉 展开c
























父亲
今天是父亲的生日，而我却需要留在单位值班，无法回去。父亲已经老了，老人们其实都希望子女能常回家看看，围在身边，叽..."
Wtt_fairy,12月02日 02:04  来自 iPhone客户端,"c
Wtt_fairy
12月02日 02:04  来自 iPhone客户端
今天剪视频翻了毕业前的相册 觉得当时的自己真的好美 每天无忧无虑美美化妆上课跳舞 周末和朋友去各种小店打卡拍照看日落小酌 全身心真的就在自己身上 研究各式各样的妆容 聊着今天拍什么视频明天玩什么抽象..大四快毕业我毅然决然选择了考公 因为我当时很明确不想随便找个机构去上课 也没想过进团或是 展开c"
Ayiyayioo喔噢噢喔,12月01日 19:21  来自 OPPO Reno8 5G,"c
Ayiyayioo喔噢噢喔
12月01日 19:21  来自 OPPO Reno8 5G
感觉考研给自己带来的唯一好处是想法变了，之前一直觉得在小城市考个公务员平平稳稳一辈子太无趣了(但是年轻气盛可以理解)，我的想法就是我要去大城市闯一闯进大厂努力工作然后一步一步走上去，把人生过得波澜起伏而不是一直一条线。
现在我只想回家安安稳稳地进体制内，然 展开c"
用户7644741416,12月01日 10:06  来自 Redmi K40,"c
用户7644741416
12月01日 10:06  来自 Redmi K40
时代造就人，亦需心向光而行

人生如河，时代似岸，我们都是被时代浪潮裹挟前行的旅人。站在四十多岁的人生节点回望，那些曾经以为是个人选择的岔路口，实则早已被时代的纹路刻下了隐秘的指引。

1978年，我出生在郊区农村，成长的岁月里，目之所及皆是田垄与炊烟，底层家庭的日子平淡却也安稳。彼时 展开c"
每天都很好的喔,11月30日 16:37  来自 iPhone客户端,"c
每天都很好的喔
11月30日 16:37  来自 iPhone客户端
当我开始思考，确立目标的时候，小我占据整个思维，困在了一定要把目标实现的幻想式的未来里，很难享受当下。
图一是困惑我很久的问题，当我与父母、男朋友简单的讲述过我不想去做这件事，同时无限放大假如去做这件事面临的压力和焦虑，他们给的答案就是不要去做。但似乎并没有解决问题。
很多人也问过 展开c"
离筱希的岁月年华,11月30日 00:14  来自 微博网页版,"c
离筱希的岁月年华
11月30日 00:14  来自 微博网页版
深夜跟deepseek谈心，讨论了我的困惑。过去走的那么多弯路，被市场和家庭鞭打得体无完肤，让我实实在在不想在体制外待了。deepseek很温暖，意思都是所有的经历都不会白费，我相信给我灵感的闺蜜也是这样的。只有知道自己不想要什么，才知道自己想要什么。
今天还看了下军队文职的岗位，其实有一个我是 展开c"
迅子的快乐生活日记耶耶耶,11月29日 22:04  来自 iPhone,"c
迅子的快乐生活日记耶耶耶
11月29日 22:04  来自 iPhone
今天白天的焦虑主要是一个问题
👉我究竟想要过什么样的生活❓
起因是看到很多留学中介发的成功案例
突然就想到为什么我以前没有这个意识呢
又想到现在已经开始慢慢去努力稍微缓和了一点
毕竟纠结过往都没有用
我只觉得自己的生活还有很多种可能
但好像又不知道我到底想要什么
从到了之后就一直在思考 展开c"
杭之今天有灵感了吗,11月28日 18:02  来自 HUAWEI Mate 70,"c
杭之今天有灵感了吗
11月28日 18:02  来自 HUAWEI Mate 70
#许老师的碎碎念#
话题：当老师抑郁后，如何重新治愈自己

在因适应障碍而请假的第六周，我终于愿意写下这些思考的碎片。
我从不认为自己是个完全阳光的人，也明白在如今的社会，焦虑和抑郁是大部分当代老师所具有的情绪现状。
由于学生的顽劣，家长的不信任，学校的妥协，我一下子陷入情绪漩涡，完全 展开c"
SX羊铁,11月28日 11:24  来自 微博网页版,"c
SX羊铁
11月28日 11:24  来自 微博网页版
女性群有位网友问：“既然离了，为什么还要再婚呢？”
昨天晚上，我到女性群去爬楼浏览群聊天记录时，发现很多网友在聊再婚的事。
其中，有位网友问：“既然离了，为什么还要再婚呢？”
看到网友的这个问题，我想起了近两天在追的电视剧《我的阿勒泰》里面死了丈夫的张凤侠去买羊时带回了一个男人，最 展开c"
秦淮央_Maddie,11月27日 23:23  来自 iPhone客户端,"c
秦淮央_Maddie
11月27日 23:23  来自 iPhone客户端
接Cathy（许诗晴）超绝贵人运🔥
看这段其实蛮有感触的

联想到自己的工作，我是做事的人，我的创意想法要过领导，领导否定我的东西，不代表否定我这个人，她反复强调喜欢和认可我，我在部门的位置不可撼动，这就够了。

领导喜欢什么我就去做什么，不用带太多负面情绪，不要觉得被否定自己就没有价值 展开c"
紫去独闲,11月27日 23:02 转赞人数超过500  来自 iPhone 17 Pro Max,"c
紫去独闲
11月27日 23:02 转赞人数超过500  来自 iPhone 17 Pro Max
【紫，有一个困扰了我很久的问题，希望大家能给点建议，

我们家有两个孩子，我是小的那个，上头有个哥哥，他比我大14岁，但是这个哥哥非常不争气，大学毕业后出去赌博，给家里欠下很多外债。

本来父母是体制内公职人员，应该算小康家庭。但因为哥哥那档事，家里的就一落千丈，背上了很多债务。目前有 展开c"
晏凌羊,11月27日 21:59 转赞人数超过40  来自 iPhone 15 Pro Max,"c
晏凌羊
11月27日 21:59 转赞人数超过40  来自 iPhone 15 Pro Max
我都把“自我介绍”写成图一这样了，还不解气啊？

我以后会少刷点微博但多输出……像十年前一样（输出完就下线，就去忙我自己的工作）。

如有互动需求，可以来私域找我，我不一定都有空回复，挑着回。

想想我人生很多事，真的是在“被驱赶”的状态下做成的。

小时候家里穷，父母在村里也备受欺负， 展开c"
圆圆的袁姐姐,11月27日 17:23 转赞人数超过60  来自 微博视频号,"c
圆圆的袁姐姐
11月27日 17:23 转赞人数超过60  来自 微博视频号
毕业13年，我的研究生同学都活成了什么样？
2012年夏天，拿着研究生毕业证走出校门的那一刻，总觉得身边这群一起泡实验室、赶论文的伙伴，会是一辈子常联系的人。可没想到，毕业后大家各奔东西，渐渐就成了朋友圈里的熟悉陌生人。
我们班的构成还挺有意思——我和另外3个同学，都是工作几年后不甘心， 展开c








播放视频"
赵老师很努力,11月27日 11:41,"c
赵老师很努力
11月27日 11:41
我的人际交往脱敏过程分享

这些年每年至少会接触2000个新朋友，绝大多数是参加各类考试的考生朋友，年龄小的大三、大四，年龄大的35周岁（卡着体制内岗位的年龄限制）。学历一般的有，顶级名校生也不少。

这个和这个数量的朋友沟通就如同电商客服，不乏很多人也就拿我当个卖课的。

所以自然会遇到发 展开c"
汤圆源源呀,11月27日 09:35  来自 iPhone客户端,"c
汤圆源源呀
11月27日 09:35  来自 iPhone客户端
从情绪开始不好的那天，他就一直陪我在我身边，一日三餐，相拥而眠，准确的说是我们一家三口一日三餐相拥而眠。
最近我们互相说了太多话，他也做了太多事，为了让我开心起来，他在前几天突然给我带回来了最新款的苹果，小事上也在事无巨细的照顾我。
我每天反复的跟他说过同样的话，他也反复的回应着我 展开c"
锋麟,11月26日 15:23  来自 微博网页版,"c
锋麟
11月26日 15:23  来自 微博网页版
大部分人都是家里有瓶醋，然后为了这瓶醋开个饺子馆。最后要么发现饺子馆不赚钱，要么发现自己也不喜欢做饺子。这就是典型的为了沉没成本而付出更大代价的典型。

小城市没有岁月静好。你看到的小地方的岁月静好其实都是当地体制内家庭的三代积累。你根本无从插入，也没有任何职业空间，甚至连 展开c"
哼哼唧唧养生,11月26日 07:37 转赞人数超过1800  来自 微博网页版,"c
哼哼唧唧养生
11月26日 07:37 转赞人数超过1800  来自 微博网页版
我发现我周围的朋友都不会用闲鱼，上次吃饭美团和抖都没有折扣，我在闲鱼给搜出了个优惠券代下单给我朋友震惊了。本人重度闲鱼使用者，我的一些使用技巧包括但不限于：
1. 低价帮买机票
2. 连锁餐厅的折扣券、高档酒店的自助餐券,大多时候有6-8折,有些地区甚至会有omakase的券或餐位转让。
3. 越贵的酒 展开c"
半合酥,11月25日 21:10  来自 iPhone,"c
半合酥
11月25日 21:10  来自 iPhone
以前带的小朋友现在在一家品牌和其管理混乱程度同等知名的大厂上班，正考虑跳槽去创业公司。问我：你怎么看这个选择，有什么职业发展上的担忧吗？
我说没有。你出去闯荡两年，成了我来投奔你，不成再回来继续打工就行。
她说，现在的老板劝她，不要把职业发展宝贵的早期浪费在大概率会失败的事情上。
展开c"
小狮子丽莉的秘密花园,11月25日 20:30  来自 iPhone客户端,"c
小狮子丽莉的秘密花园
11月25日 20:30  来自 iPhone客户端
我手上的“事业线”相当好，不过有一段是断开的，就在这几年。很奇怪，理论上我在体制内，只要在昆州政府内跳槽，应该不会断，而且之前换部门也没有断过。

我的八字很容易异地恋，而且我很喜欢我的另一半，我会付出的多一点。

看来以后我还是会遇见一个喜欢的人，然后心肝情愿地和对方在一起～他一定 展开c"
一斤月光,11月23日 18:38,"c
一斤月光
11月23日 18:38
去Gemini3那里算了我的八字，结论是我更适合体制内、国企或者大厂等等规则成熟的组织里工作，这和我对自己脾性的预估不太一样。
我以为自己受不了规则严明的平台，不喜欢被管束，但它却被我的八字认定为旺我的。结合过去的体验，这个结论确实也说得通。因为平台的规则清晰，就意味着管理者的个人意志就 展开c"
浙江七色鹿,11月23日 11:21  来自 超话社区用户报告超话,"c
浙江七色鹿
11月23日 11:21  来自 超话社区用户报告超话
超话社区用户报告超话 一个人静静的坐在办公室，想看点书学习一点新东西，脚也冷后背也发凉，关了窗户室内总感觉闷，打开窗户这寒风横穿室内，依然是觉得不爽。莫名的感觉烦燥，可我找谁诉说，找谁评理去？这样的环境，这样的状态，我还必须告诉我自己，我还得好好的活，到底是我在作，还是天地不 展开c"
湖南校园汇,11月22日 16:59  来自 考研超话,"c
湖南校园汇
11月22日 16:59  来自 考研超话
考研超话 @考研政治徐涛 ：“我曾经在体制内工作的时候，有一个非常关心我的领导，即便是辞职了之后也一直关注着我的近况。

昨天，我在朋友圈发了一下我去年工作的视频集锦，刚发完就收到这位领导的电话，讲了半个多小时，核心意思就是：一定要利用好自己在青年人当中的影响力，做好青年的思想工 展开c




播放视频"
晏凌羊,11月21日 12:32 转赞人数超过400  来自 iPhone 15 Pro Max,"c
晏凌羊
11月21日 12:32 转赞人数超过400  来自 iPhone 15 Pro Max
我在泛体制内单位工作的那十几年，也不怎么讨“一把手”喜欢的。跟我投缘的，几乎是“话事权有限”的副职领导。他们能起到的作用只是，在组织决定提拔我的时，顺势推一把，但根本没办法把我从一群人单独拎出来。

在体制内这种相对“人治”的环境下，一定要处理好跟“不投缘的一把手”的关系：不一定处 展开c"
晏凌羊,11月21日 11:17 转赞人数超过1200  来自 iPhone 15 Pro Max,"c
晏凌羊
11月21日 11:17 转赞人数超过1200  来自 iPhone 15 Pro Max
我爸妈回老家处理宅基地纠纷的时候，采用的还是老三套：讲理、争取舆论支持、请村干部出面，试图打官司（且不说打官司流程长、费用比宅基地都贵，他居然天真地以为法院能还他公道）。

但事实证明，这一套在过去几十年里，都被证明是无效的。人家要讲理，就不会强占你宅基地。你争取村里人的舆论支持， 展开c"
左勤高考数学,11月21日 10:01  来自 微博网页版,"c
左勤高考数学
11月21日 10:01  来自 微博网页版
先亮明我的身份，暗示我自己也曾在体制内工作，在外已取得一定成绩，今时已经不同往日，我在老家也不是“无依无靠”；如果我父母要争，我会全力支持。如果起诉，你弟家会很麻烦（实际上如果起诉，也没啥用）。扫黑除恶专项活动还在继续，也建议你们看下势头。
@晏凌羊
我爸妈回老家处理宅基地纠纷的时候，采用的还是老三套：讲理、争取舆论支持、请村干部出面，试图打官司（且不说打官司流程长、费用比宅基地都贵，他居然天真地以为法院能还他公道）。

但事实证明，这一套在过去几十年里，都被证明是无效的。人家要讲理，就不会强占你宅基地。你争取村里人的舆论支持， 展开c




















160
84
1456
11月20日 10:13 来自 iPhone 15 Pro Max"
J公主日记bling,11月20日 22:45  来自 HUAWEI Pura 80,"c
J公主日记bling
11月20日 22:45  来自 HUAWEI Pura 80
我在杭州每天满脑子
都是构建我的商业帝国
我爸妈疯狂找人脉
让我回市政府平步青云

那么问题来了
凭什么我就能直接进政府机关
人家拼死拼活考公争一个位置
意义又在哪里
为什么要让我占那个坑位
别说什么学历和能力
说白了就是搞阵营拉帮结派
已经能想象在权利漩涡
和复杂人际关系中的我
精神得有多痛 展开c"
筱海棠啊,11月19日 23:42  来自 丁禹兮超话,"c
筱海棠啊
11月19日 23:42  来自 丁禹兮超话
#丁禹兮出席联合国气候变化大会# 💚#丁禹兮体制内男友感#

你知道我用词从来晦涩词句都是关于荒野和孤单
后来你走进我的麦田种下一段春天
我在诗里便又多爱了 你一遍💚

@丁禹兮"
小草莓inn,11月19日 01:00  来自 iPhone客户端,"c
小草莓inn
11月19日 01:00  来自 iPhone客户端

写点什么呢 大概就是 我感觉我越来越有能量了 有爱人的能力 也变得更有自信 可能也是脱离了不舒服的关系 其实我该做运动的 但是天气冷了真的很有惰性 其实现在该早睡的 写完这篇就睡觉
我现在好像没有那么计较得失了 其实能感觉到我整个人在不断成长完善 跟之前那不愿意长大 展开c"
我看看恁弄啥嘞,11月17日 21:49  来自 微博轻享版,"c
我看看恁弄啥嘞
11月17日 21:49  来自 微博轻享版
我再也不跟老肖抬杠说我不适合体制内了
新领导点名外交部发言人&东门小哥路过投喂&收别人的外卖要通报收我的外卖会无偿归还哈哈哈
我在体制内如鱼得水了亲爱的爸爸
等毕业了就能出书大饼食用指南"
神仙也该睡醒了吧,11月17日 20:59  来自 iPhone客户端,"c
神仙也该睡醒了吧
11月17日 20:59  来自 iPhone客户端
我的女追男之旅终于是画上了句号 但不是圆满的句号

我们约了两次饭 但他的态度一直都是不温不火的 所以我就想当然的认为 真诚可以让我跨越对面的这座大冰山 在这段关系中一直都是我在主动 其实挺累的 因为对方没有什么回应 就好像一潭死水 不会为我掀起一点波澜 但我一直觉得主动追求自己想要的就是很 展开c"
楚乡悠士,11月17日 14:07  来自 OPPO Find X7,"c
楚乡悠士
11月17日 14:07  来自 OPPO Find X7
#生活手记#

为生命的每一个念想和过程干杯

小时候有过很多念想。

最早，自然相当解放军，看见门口常常路过英姿飒爽的兵哥哥，羡慕的不行。
没当成。

刚上学，就喜欢传道受业的老师，想着长大后要干这个。
传统意义上的老师没当成，但也在许多场合交流过我的所知所学，被人叫过老师。

小学里，因为 展开c"
邵逸凡Yifan,11月16日 05:51 转赞人数超过200  来自 微博网页版,"c
邵逸凡Yifan
11月16日 05:51 转赞人数超过200  来自 微博网页版
自媒体四年，我把演员两个字去掉了。
为什么要去掉？
这事儿，先要从为什么要加上“演员”两个字说起。

2021年，我还没开始做自媒体。
有一天去拍广告，我是站在背景里的人，主演是几个博主。
经纪人说，这几个人都是客户在小红书上翻到的海外名校毕业的博主。
我挺惊奇，问了名字，在平台上搜了他们 展开c"
godiedodie,11月15日 22:36  来自 可可爱爱的iPhone客户端,"c
godiedodie
11月15日 22:36  来自 可可爱爱的iPhone客户端
我始终觉得文字是有语气的
当我心智坚硬的时候
文字本身只是进行信息传输的工具
简洁为先、效用为主
但是当我心智弱化的时候
它便变得情绪生硬起来
我必须得给它进行过分的修饰
才能让它有温度
简单来说就是文字讨好症
我不知道我是从什么时候开始有这种症状的
我的状态时好时坏

我对甲方倒是语气生硬 展开c"
L陈浩宇,11月15日 18:35  来自 HUAWEI Mate 30,"c
L陈浩宇
11月15日 18:35  来自 HUAWEI Mate 30
2025.11.15 记 天气：晴
——副题：中国人的成长过程还是太慢了
随笔： 今天回到家，在家门口看水的时候，突然有些感想自己究竟是一个怎样的人？又是如何一步步成长为今天这样一个人的？

由于从小被放养的原因，没有太多的目标感，也没有太多的追求成功方式。更没有特别想成为的那种人及想要 展开c"
小吴总是ABD,11月15日 18:32  来自 iPhone客户端,"c
小吴总是ABD
11月15日 18:32  来自 iPhone客户端
还是会想你 没有很多 也没有掉眼泪
可能是做了家务还有和十七玩转移了注意力
但是还是会反复在各个平台点进和你的对话 还有控制不住的点开每一个和星座相关的话题 尤其是情感的
昨天晚上和姐姐说了很多关于我们之间的事情，姐姐说你的态度（对我们仨）其实在国庆期间就已经很不对了，就好像是在疏离我 展开c"
忽反顾以流涕兮,11月15日 08:33  来自 vivo Y300,"c
忽反顾以流涕兮
11月15日 08:33  来自 vivo Y300
转发韩志君编导的【阅读手记】作家莫言在《我的恐惧与希望》一文谈到: “我如此地怕鬼，怕怪，但从来没遇到过鬼怪，也没有任何鬼怪对我造成过伤害。几十年来，真正对我造成伤害的还是人，真正让我感到恐惧的也是人。”
他还说:“世界上，所有的猛兽或者鬼怪，都不如那些丧失了理智和良知的 展开c"
MOSS_8,11月15日 03:03  来自 iPhone客户端,"c
MOSS_8
11月15日 03:03  来自 iPhone客户端
今天正式向杜老师提了离职。即便过去想过很多次离开的场景，但内心总归是渴望一直实习下去，把握住目前人生离新闻最近的机会。但当慧涵提议要催促杜老师找新实习生时，我也立刻动摇。这并非是一个经过深思熟虑的选择，反而更像心血来潮，陷入自毁情结。

也许是因为过去设想过很多次离职场景，开始期待 展开c"
小狗勾也会有自己的心事吧,11月15日 01:27  来自 对象超话,"c
小狗勾也会有自己的心事吧
11月15日 01:27  来自 对象超话
嘻嘻 虽然离我面试过去了很久 我还是想说 面试集训那几天是我这辈子读书最认真的一次

以前我爸还有老师和我说谁家小孩考北大清华 坐在马桶上都在看书 考上的时候头发都白了 我一直感觉好浮夸啊 我以前一直都是学学玩玩 只要成绩保持在中上游我就觉得可以了

其实出成绩的那天发现自己进面 我还是很松 展开c"
天玄师傅,11月15日 00:52,"c
天玄师傅
11月15日 00:52
甲辰年算是对我来说痛苦夹杂着成长的一年，因为我父母的情感问题而影响到了我，那时候觉得非常心累！内心非常纠结痛苦，但是过去之后感觉自己内心发生了一些变化，人也比之前也沉稳了些。临近毕业，我对自己的未来还是有些焦虑迷茫的，我不知道自己擅长做什么，能做什么。我觉得我从小读书都不太顺利， 展开c"
疯一样得胖子,11月14日 08:04 转赞人数超过2400  来自 微博网页版,"c
疯一样得胖子
11月14日 08:04 转赞人数超过2400  来自 微博网页版
胖总好！关注您好久了，第一次提问你，
本人目前29岁，男友30岁，面临结婚的大事，两人老家都在二线省会城市，我已取得一线城市的户口，明年即将结婚。
现在的问题是我们在超一线还未购房，他父亲是做生意的人，说会我们提供300万的首付款，给我15万彩礼，10万五金，我本人想在超一线买800万的房产，
展开c"
眼睛记录耳朵倾听,11月14日 07:04  来自 OPPO Reno14,"c
眼睛记录耳朵倾听
11月14日 07:04  来自 OPPO Reno14
近期还是很爱那句——“流水不争先，争滔滔不绝。”

我相信慢慢来才是最快得到想要结果的方式，也相信命运会引领我去往该去的地方。但不能过度随遇而安，安于现状。要清楚自己有什么，自己又想要什么，才能不会受外界影响，活出独特、璀璨的人生。

现在二十出头的年纪，我最大的烦恼来自于我的人生课 展开c"
想到就做到che,11月14日 00:22  来自 iPhone 15 Pro,"c
想到就做到che
11月14日 00:22  来自 iPhone 15 Pro
P650 | 又是一天…

的确是感冒了，早上起来咳嗽，流鼻涕🤧。上午想调休，被领导一个电话叫醒，我马上挂了电话。告诉她不方便，一会回。

浑身病殃殃的，一点儿劲儿也没有。很馋，点了烧腊饭和猪肝枸杞米粉汤，各吃一半。

下午去公司忙着写方案，即使浑身不舒服，手里的工作还是不停。其实我越发感 展开c"
庚白星君,11月13日 17:18 转赞人数超过10  来自 微博网页版,"c
庚白星君
11月13日 17:18 转赞人数超过10  来自 微博网页版
世界的本质就是筛选

九边

首先要说两件事，很多小伙伴问我为啥头条的IP在北京，公号的IP在山东？其实都是我一个人在创作，只是微信的发文时间正好是我早上晨会期间，所以由山东的助理代发。其次文章如果不标记“原创”，那就是广告，其实我也很惭愧，不太想发，不过一想到如今也不再年轻了，还是想在 展开c"
卢悦卢悦,11月13日 16:02  来自 微博网页版,"c
卢悦卢悦
11月13日 16:02  来自 微博网页版
采访了70位男士，说说他们为什么会娶三姐

第一位 连锁超市老板 46岁

我和前妻是相亲认识的，那时候我俩都在厂子里上班，认识半年多我家里催，她家也催，互相也不讨厌彼此，也都没谈过恋爱，稀里糊涂就结婚了。

我比较传统，认为男人结了婚就要赚钱养家，所以我一直琢磨怎么赚更多钱，她是那种保守 展开c"
勇往直前H16,11月12日 20:23  来自 西安爆料超话,"c
勇往直前H16
11月12日 20:23  来自 西安爆料超话
几位体制内的人你们终于说出自己的心声，说湘乡冯做事无底线还两边吃财色兼收。你们比我了解他，你们和老冯认识的时间长太了解他啦！几位能说出自己的心声就是个敢于担当的好人看不惯他的所做所为，我只是有眼无珠悟不透他。
三月份和九月4号我曾经提醒老冯有些事做的欠缺是好意提醒他，谁知他把钱全部 展开c





播放视频"
简历菌,11月12日 20:14  来自 微博网页版,"c
简历菌
11月12日 20:14  来自 微博网页版
不同人对信息的处理能力不同

我有时候会跟我身边的一些朋友分享一些投资挣钱的机会。每个人对我分享的信息的反应也不一样。
A、体制内Leader，我给他分享的信息，他几乎都会马上去落实，然后因为这个信息赚到钱。在他看来，我是专业研究挣钱的，所以听我的就够了。

B、我一个同学，家里有生意，一年 展开c"
辣肉肉Ulysses,11月12日 17:18 转赞人数超过5700  来自 iPhone 17,"c
辣肉肉Ulysses
11月12日 17:18 转赞人数超过5700  来自 iPhone 17
心情很差
和朋友聊天
一个很久很久不聊天的大学朋友
毕业后因为两个人志不同道不合
很久不联系

她突然发消息给我
说父亲想给她买车让我挑
哪一辆好看

一辆是奥迪
一辆是宝马

我很无奈
不知道说什么只能耐着性子说
我不太懂车
可以去问问更专业的人

她一个劲缠着我
问我
哪一个好看
凭感觉选就行

展开c"
独孤龙666,11月12日 12:24  来自 微博网页版,"c
独孤龙666
11月12日 12:24  来自 微博网页版
有媒体报道当今社会的官德问题已经引起中央的高度重视，国家公务员招录开始考察德行。即官员作为一个职业道德主体，他既要具备国家管理人员在进行管理活动过程中的职责道德，如忠于国家、忠于人民、忠于法律、忠于职守，具有高度的责任意识、公仆意识，谦虚谨慎，求真务实，办事公办，一视同仁，惩恶扬 展开c"
别管我了please_,11月12日 00:42  来自 iPhone客户端,"c
别管我了please_
11月12日 00:42  来自 iPhone客户端
好开心啊，我终于回到原来那个张扬、冲动的我了。今天吵了两次架，吵完以后我在想，曾经的一部分我，她又回来了。初中的时候同桌说，你怎么和别人那么不一样？你想的事情，关注的东西永远和别人不一样。你能不能改一改？我不以为然，我说改了以后我就不是刘jn了！他笑我，他说怎么就不是你了，改了以后 展开c"
紫去独闲,11月11日 22:21 转赞人数超过900  来自 iPhone 17 Pro Max,"c
紫去独闲
11月11日 22:21 转赞人数超过900  来自 iPhone 17 Pro Max
【紫，以前的不用管了，和你说一下新烦恼，没办法和别人说，我自己也调整不过来。

我是体制内的，和男朋友感情不错，虽然没到结婚那一步，但双方也见过家长了，他父母对我们来说是大官，有实权的处长，我其实是个很怕官的人，但相处下来也还好，但最近发生的一件事让我挺毛骨悚然的。

我在加班的时候 展开c"
用户7760761254,11月11日 19:45  来自 iPad Pro,"c
用户7760761254
11月11日 19:45  来自 iPad Pro
最近几个月，我时常很害怕，很紧张
害怕其他人评价我
害怕别人说我研究生的学历
现在不还是每天在家

因为别人说老师的工作好，有编制
因为别人说，其他人考上了公务员，体面，好看，高看一眼
因为别人说，体制内的工作好，安稳，清闲
所以我在这几个月来一直想考公、考编
我甚至幻想我考上了，别人高 展开c"
鹿总-,11月11日 19:11  来自 iPhone客户端,"c
鹿总-
11月11日 19:11  来自 iPhone客户端
我是一个普通人
我不是体制内 但是我也有五险一金的工作
我在我的岗位尽职尽责 闪烁光芒
每个职业都值得被尊敬
而不是因为我不是体制内 我没有上好大学
我没有挣大钱 我没有开豪车而被轻视 看不起
我长相普通 但是我审美好 爱记录生活
任何人在他需要帮助的时候在我能力之内我都会热情帮忙
相反 我在 展开c"
想着想着就笑了,11月11日 17:43  来自 iPhone客户端,"c
想着想着就笑了
11月11日 17:43  来自 iPhone客户端
当表妹跟我说她打算当母婴博主，起个号玩玩的时候。我在心里叹口气。
这些在体制内的，有钱有闲，只剩下时间，生了孩子一堆人带的小镇做题家们。
也开始做自己的账号了，似乎每个人都可以成为博主。每个人都是未来的kol 让我怀疑自己的职业和价值。
更增加了我的焦虑。我不想说什么，也没更多的情绪。 展开c"
Uuuuuuox,11月11日 16:53  来自 iPhone客户端,"c
Uuuuuuox
11月11日 16:53  来自 iPhone客户端
刚刚去贸促会的路上，播放到单依纯的《另一种答案》，因为以前听过副歌部分，想仔细听一下全曲，我便停下来设置成单曲循环，正好符合我此刻的心情。

这首歌里面有几句歌词让我的心情平静下来，“你认真描绘，你想要的爱，在什么都快的时代，好想让脚步慢下来”，“如果时光能回到课桌前，我要我 勇敢 展开c"
海豚皓皓,11月10日 23:34  来自 iPhone客户端,"c
海豚皓皓
11月10日 23:34  来自 iPhone客户端
黄石寨今天天气阴冷游人较少，山间徒步道出现了几十米看不见人，我有点害怕，犹豫不决间偶遇一大叔和向导邀我同行。都是好人，木有危险。
村民向导蛮不错的，少走很多冤枉路，不断墨迹要小费。
目测大叔是体制内刚退休的头头儿，对我有点逞英雄式的大方慷慨和关照，极婉转的试探我的年龄、工作、父母， 展开c














播放视频"
匿名才敢说的秘密,11月10日 16:17,"c
匿名才敢说的秘密
11月10日 16:17
体制内被职位较高的人说坏话，全单位都知道了怎么办?
这种中层领导我遇见过一个，她还是个女的，有一次她拿着文件来我们办公室说是传真一个文件，我说我这个机子传真不了，只能复印，她就当场破口大骂，说我推三阻四，不愿意工作之类的，然后在我们办公室主任的劝说下离开了，办公室主任也说了，我跟前 展开c"
低糖乌龙-7,11月10日 02:09  来自 iPhone客户端,"c
低糖乌龙-7
11月10日 02:09  来自 iPhone客户端
打电话给妈妈 她让我周末去看看二外公 说这可能是最后一面了 距离我六岁过后 这是我要面临的第二次离别 其实我很羡慕身边有爷爷奶奶外公外婆的小孩 长辈的爱对于我来说是很珍贵的
我没有见过外婆和奶奶 但是我能想到我的父母面对母亲离世的感受 我爸爸会说我的奶奶有多么善良 但是我妈妈没有提过 因为 展开c"
橙子爱玩Toy,11月09日 18:37  来自 iPhone客户端,"c
橙子爱玩Toy
11月09日 18:37  来自 iPhone客户端
想到下个月就要走麦理浩径就非常非常开心！终于抢到了神秘农场冰川70L真嘟开心的要死！和户外搭子已经约上了100公里全程走完重装！！终于可以进山啦⛰️（发一下之前半重装78km进山的照片吧～）居然一下子翻到这些照片，我会想到我在途中遇到每个人跟我说的每一句话，这可能就是五台山的魅力吧！我们遇 展开c"
_我想睡觉_z,11月09日 07:47  来自 小宇宙FM,"c
_我想睡觉_z
11月09日 07:47  来自 小宇宙FM
关于成长
昨晚工作需要 很早便上床休息了 只是翻来覆去也没有睡着 后来打开了播客 听了开头对于中亚母女关系的描述便将我心底的那片湖泊扰起了涟漪 我和母亲的关系很大程度上和作者是相似的 当时的我也是独生子女 母亲干着体制内的工作 虽然生活在一座十八线小城市 但物质方面也不算匮乏 从小也上过很 展开c"
ccbaooo,11月08日 23:18 转赞人数超过100  来自 微博视频号,"c
ccbaooo
11月08日 23:18 转赞人数超过100  来自 微博视频号
是好难忘的、复杂的、美丽的夜晚。走出400报的时候，我和阿佘一样没忍住TT 今晚阿佘在中国传媒的最高学府中国传媒大学剧宣，和本校学生们探讨新闻，分享和交流。

「本校学生」里，有一位阿佘的粉丝，她是中国传媒大学新闻与传播专业的研究生。我们在新闻女王1播出的时期认识，碰巧都是学传媒的，更阴 展开c




































播放视频"
maro823,11月08日 15:39  来自 iPhone客户端,"c
maro823
11月08日 15:39  来自 iPhone客户端
#单依纯一首一首唱进体制内# 我的体制内闺蜜！闺蜜在台上讲，我在下面笑不停"
Maysweetiiiiie,11月08日 10:21  来自 iPhone客户端,"c
Maysweetiiiiie
11月08日 10:21  来自 iPhone客户端
昨天表哥打了一个电话 大概意思是给我找一个老家县城里的体制内包吃住工资低了点 然后告诉我人生大概率不如愿
首先我还是感谢家人有惦记
接着我要说一个悲惨的真相
我的老家是一个小县城 我回老家的概率从小到大都是只有过年才回去一次 因为我在张家港长大的 所以对老家很多风土人情我当然是比较喜欢的 展开c"
赵老师很努力,11月08日 07:07,"c
赵老师很努力
11月08日 07:07
在银行工作压力很大，需要拉单子，想要辞职，家人阻挠，怎么办？

网友来信：

赵老师，不好意思在这个时候打扰您。最近的确感到特别迷茫，所以想寻求您的帮助。

我是4年前毕业的，专业是音乐教育（师范类）。毕业后没有从事教师工作，在两年前进了青岛某银行。虽然现在的收入还可以，但几乎天天早七 展开c"
去堪察加,11月07日 23:21  来自 iPhone客户端,"c
去堪察加
11月07日 23:21  来自 iPhone客户端
白天以为自己倒时差稳了，然后结果不知道为什么又睡着了，一觉睡到晚上起来，做了一个梦。

梦见我莫名其妙的混进去了一个类似体制内一样稳定但是我可以纯当混子的好工作，虽说已经是顶级待遇了（稳定+可以混）可我依然会因为自己没有加倍努力而感到焦虑，梦里的我总是焦虑别人会不会觉得自己做的不好 展开c"
小刘同学艾特188,11月07日 20:15  来自 微博网页版,"c
小刘同学艾特188
11月07日 20:15  来自 微博网页版
⭕专科生的“六个铁饭碗”

⭕对于专科生同学而言，找到一份稳定且有发展前景的工作是许多人的目标。实际上，国家层面提供了多条专属通道，让专科生也能端上“铁饭碗”。以下是几个备受关注且非常适合专科生的方向，助你开启稳健的职业生涯。

1️⃣第一，三支一扶。 这项政策指的是毕业生到农村基层 展开c"
轩师处世之道,11月07日 09:25  来自 微博网页版,"c
轩师处世之道
11月07日 09:25  来自 微博网页版
突然就明白了教育的意义
读了二十几年书，我一直都是按部就班，学校、老师教什么，我就学什么。只知道自己得拿高分，考个好中学，考个好大学，然后再通过我的学历找个好工作。
.
我好像一直没有思考过，我为什么要学习？我接受教育的意义到底是什么？不接受教育是不是也可以？
.
直到前几天回了趟家， 展开c"
为好优姐姐,11月07日 09:14  来自 微博网页版,"c
为好优姐姐
11月07日 09:14  来自 微博网页版
#这才是真正的道歉# 我在个案辅导中，发现有的同学，在职场是不会道歉的。
主要是：领导提出问题和不满意，立刻道歉。速度快，话语直接，这是能让对方觉得，你并没有思考，你只是想要敷衍过去。

比如领导说，你刚刚开会不应该问这个问题。
这位员工一秒钟：对不去，是我欠考虑了，日后注意。

这就不 展开c"
戚十三_,11月06日 16:23  来自 三星Galaxy S23,"c
戚十三_
11月06日 16:23  来自 三星Galaxy S23
最近常常被教育的意义击中，莫名想起很多个让我沉默的瞬间，从小学时候妈妈带我走进教育局单独让我做了一套题然后跳级进了初中开始，教育变成妈妈和我说的，＂六年级要做很多卷子很辛苦的＂；升上初中，因为不理解新授课的含义，月考在班级第28名的我在班主任面前流泪想不通，教育是＂你只是不适应，你 展开c"
紫木槿3,11月06日 15:40,"c
紫木槿3
11月06日 15:40
中年女性需要老公吗?

我和老公结婚12年有一个男孩，我们是属于周末夫妻的那种。我在主城区工作，他在周边县城工作。

结婚后，我刚刚怀孕他就因工作原因要去外地深造2年，回来孩子都2岁了。

孩子满2岁后，我考进了体制内。我们成了名副其实的周末夫妻，孩子的教育和生活几乎都是我一个人，家里大大小 展开c"
土豆丝大王好运常来,11月05日 23:28  来自 iPhone 13 Pro,"c
土豆丝大王好运常来
11月05日 23:28  来自 iPhone 13 Pro
我虽然一个月就去两三次教室里 但是教室里也有我身边的npc
我教室座位旁边的男生和他前面的女生 被我称作体制内情侣
说真的我老喜欢看身边人在干嘛（可能不太礼貌 但是他们两个我过了很久才知道是一对！还是韩迅告诉我的 我一开始还不太信 直到在餐厅遇到过他们几次我才完全相信
感觉他俩特不熟哈哈 展开c"
微冷微冷,11月05日 14:07 转赞人数超过10  来自 微博轻享版,"c
微冷微冷
11月05日 14:07 转赞人数超过10  来自 微博轻享版
这个我也觉得很有意思。还是独树不成林的主播，这些事都是她自己在播客里讲过的，她的播客50万粉了，平台头部，具有公共性，所以不是搬弄私事哈，只是我从中感慨时代真的变了。

她有一期讲中东的播客，说到她以前在知乎发过一段和中东生活有关的内容，前阵子我刚好在电脑前听完就随手搜了一下，偶然看 展开c"
隐青隐青,11月05日 13:55  来自 iPhone客户端,"c
隐青隐青
11月05日 13:55  来自 iPhone客户端
今天去面试的那个HR是我这几天面下来，感觉第二好的。就是我觉得他们是真的想招人，然后也是真的接受无经验。
其实在广州面的第一个教培机构也很不错，只是我不想第一份工作就进教培，我想自己多一点选择。我本来不觉得进教培是一件什么难的事情，但是感觉很多人都会说进教培很容易，你出来就很难了， 展开c"
layer猫姐姐,11月05日 09:45  来自 OPPO Reno8 Pro+ 5G,"c
layer猫姐姐
11月05日 09:45  来自 OPPO Reno8 Pro+ 5G
我在一个应该学习职场技巧的阶段，却一点也不想琢这些，网上分析职场剧等等我一点儿也看不进去，我一般都是打礼貌的直球，如果情境下不适合打直球，就想想怎么婉转表达大家比较舒服，做到与人为善

我觉得这是因为人是有性格底色的，这个底色很难改掉，我的底色就是不爱搞这些，我能闻到谁是体制内的做 展开c"
斐_Faye,11月05日 07:28  来自 iPhone 15 Pro,"c
斐_Faye
11月05日 07:28  来自 iPhone 15 Pro
近三天的学习时光打算听听：纳瓦尔访谈三小时。

他的很多观点，我都无比认同，比如：如果非要做选择，请选择那个对你来说 更难的。

我记得28岁，正是被老妈疯狂逼着相亲的时节。反正就是一条路：结婚 生娃！

但是，我内心是很抵触的；想想自己一眼到头的悲剧，我就觉得自己的人生好凄凉 展开c
































































播放视频"
晏凌羊,11月04日 20:46 转赞人数超过700  来自 微博网页版,"c
晏凌羊
11月04日 20:46 转赞人数超过700  来自 微博网页版
没有退路的人，只能把自己活成唯一的出路。

这方面，我是有点心法的。

想想我的出身，多穷啊。在我现在的生活圈子里，就跟同龄人横向比较的话，就没有比我出身更低的人。我从小就体会过“没有钱”的窘迫与痛苦，生存焦虑写进了骨子里。

对我来说，父母托举我上学所花出去的学费，是极其珍贵的投资， 展开c"
晏凌羊,11月04日 12:59 转赞人数超过400  来自 iPhone 15 Pro Max,"c
晏凌羊
11月04日 12:59 转赞人数超过400  来自 iPhone 15 Pro Max
奚梦瑶能在何猷君面前发挥高情商，是环境成全的。你要知道，在某些环境里，“聪明”是要被惩罚的。就像是一把“利剑”，要被被锁入狭小的“玩具匣”。

如果一个人的聪明、有主见与Ta所处的环境发生了致命的错配，Ta就会成为“困兽”。

这种感受，我在前段婚姻里也有。我的思辨能力、语言天赋、逻辑能 展开c"
悄悄吧唧一口神明,11月04日 07:52  来自 微博轻享版,"c
悄悄吧唧一口神明
11月04日 07:52  来自 微博轻享版
首问+共性，这题聊聊怎么博弈+立规矩~

问主和问主老公都体制内，因此无法激烈地划清界限，否则父母闹到单位，后果很严重。

所以最好的情况是你能持续跟他们保持距离不被过度索取，次好的情况是你积累了足够的道德筹码，即使闹掰也不损伤你的形象。

--

博弈也好立规矩也好，第一要点是，区分对方善 展开c"
唐盐盐,11月03日 17:42  来自 微博网页版,"c
唐盐盐
11月03日 17:42  来自 微博网页版
基层工作为什么常常杂乱无章？常常是缺乏最为基本的分类意识

书中有这样的描述，侯卫东的笔记本分为两栏，重要工作，一般工作。
每天上班之前，如果有什么进展与异常，就在栏目后面记上一笔，这是沙州学院的副院长济道林讲过的提高工作效率的窍门，侯卫东将其运用在自己的工作之中。《侯卫东官场笔记 展开c"
赵虫虫吃不胖,11月03日 14:03  来自 HUAWEI Mate 70 Pro+,"c
赵虫虫吃不胖
11月03日 14:03  来自 HUAWEI Mate 70 Pro+
#生活手记##每日学习打卡#
这段时间，我一直说在学习在学习，有姐妹问我在考啥，昨天终于考完了，今天有空就聊聊（主要我太久没在宿舍午睡了，今天中午这一躺，床板怎么这么硬啊！翻来覆去硌得我睡不着了）
中级经济师备考实录：结合我去年踩的坑和今年的备考状态，来聊聊这个过程，万 展开c"
老茶罐头,11月03日 10:19  来自 nova 7 SE 5G 乐活版,"c
老茶罐头
11月03日 10:19  来自 nova 7 SE 5G 乐活版
周一，你在挤地铁，我在神农架慢跑。🚴♂️
远山如黛，青阳河慢淌——这才是生活该有的样子！
“国际慢城”松柏镇的秋日晨跑，治好了我的精神内耗。
我是@老茶罐头，一个体制内老兵，用跨界笔触记录政策温度与生活风物。
点击首页关注，和我一起闲话岁月，找回生活节奏。

O网页链接

展开c"
zhh-4096,11月02日 22:15 转赞人数超过10  来自 微博轻享版,"c
zhh-4096
11月02日 22:15 转赞人数超过10  来自 微博轻享版
有件事隔了几个月了我才想说，8月初我开始去广西、云南、贵州各市旅游，按高铁路线第一站是广西柳州，预订的第一家酒店到现场发现太偏不满意，换到另一个区又订了一家，到酒店门口看到道路施工乱糟糟，又换到第三家才满意。

结果意外发现第三家酒店附近的医院是我前任毕业前面试通过的医院。为了不打 展开c"
周洵19950717,11月02日 18:06  来自 iPhone客户端,"c
周洵19950717
11月02日 18:06  来自 iPhone客户端
今日杂文：

进体制内好还是在体制外好其实超过了人类的智慧。我从我的角度出发，尽我所能地说一下，以下这几类人是不适合考公的（包括我）：

1学习能力或者应试能力较差。有些小孩在中考和高考没有展现出自己的学习能力或者应试能力，这时要面对考公考编的文史哲艺数理化地经济申论，其实难度是很大 展开c"
不喝牛奶不睡觉嘛,11月02日 11:54  来自 nova11系列敢拍敢出色,"c
不喝牛奶不睡觉嘛
11月02日 11:54  来自 nova11系列敢拍敢出色
秋招看起来似乎是告一段落了，却一点也高兴不起来。疲惫似乎还压在我身上，等待我的仍然是无穷无尽的投递（没有面试）。对别人来说是面试多所以累，对我来说却是不断的自我怀疑、碰壁、调整。去小公司觉得真对不起我的双9学历，进体制内又难如登天。走到现在好像已经不知道我到底在热爱什么了，我什么 展开c"
王大象象-,11月01日 10:43  来自 iPhone 16 Pro Max,"c
王大象象-
11月01日 10:43  来自 iPhone 16 Pro Max
哈喽大家～
谢谢大家喜欢我这个眯眯小博主 ♥️哦
💙这是我的自我介绍。
我是王大象，有一个小猪儿子叫汤圆，还有两只猫叫饺子和丸子。
我儿子生日和我同一天，我俩都是巨蟹座。
老公体制内很忙。
摩羯座的哈哈哈 喜欢生闷气 ，平时我会叫他气包子，嘻嘻～

💙我在小地瓜已经摸爬滚打了两年啦
目 展开c"
王欠男,11月01日 09:06 转赞人数超过20  来自 iPhone客户端,"c
王欠男
11月01日 09:06 转赞人数超过20  来自 iPhone客户端
讲到职场人脉资源，某个职位给予你的光环，大多数时候只是你在职业场景下，赋予你的临时性的身份加持。当然你如果在干一份非常稳定比如体制内的工作， 有些人甚至会干了一辈子（或者超过十年），你在工作场景中的个人形象塑造，态度展示，被领导器重，赢得同级、下属的尊重，这简直会是一个漫长且不断 展开c"
湖面平平淡淡123,11月01日 02:48  来自 iPhone客户端,"c
湖面平平淡淡123
11月01日 02:48  来自 iPhone客户端
关于如何判断网友靠不靠谱。

这些年见过一些网友，总体来讲判断还算八九不离十，所以想说一说。只说线下见过的，没有见过的不讨论。

网友一，一个男生，在20年初那个特殊时间认识的，当时我在渣浪一篇热搜文下面发表了一个评论，他回复我的评论原来如此。我点进他的主页看他发的文字以及他转发的文章 展开c"
天玄师傅,10月31日 23:50,"c
天玄师傅
10月31日 23:50
当下我正处于人生低谷期，看了您给网友们的分析，我觉得非常有智慧，对人生有很大的警醒和提示作用，我也渴望能得到您的指点。
我的八字是戊辰乙卯乙酉丙子，我先生的八字是辛酉庚子壬午戊申。
我是独生女，出生书香门第，小时候衣食无忧，父母对我很娇惯，但是学习成绩不是很好，毕业后回老家进了 展开c"
我是小七我xiaoqi啊,10月31日 14:06  来自 微博视频号,"c
我是小七我xiaoqi啊
10月31日 14:06  来自 微博视频号
美艳熟妇看着星晴发的信息，原本不打算回复的，到今天心情不美丽。 这两天，天天有人莫名其妙的打招呼，上来不是月吗，就是邀请她出去吃宵夜，要么就是问多少。 深更半夜的，让她过去喝点聊聊？她又不是涉世未深的小姑娘，自然懂其中的意思：“发张照片姐姐看看。” 看着对方发来的信息，王腾轻笑一声 展开c
播放视频"
勿问来处_,10月31日 10:51  来自 nova5Pro人像超级夜景,"c
勿问来处_
10月31日 10:51  来自 nova5Pro人像超级夜景
在一座深山处，坐落着一间古老的木屋，屋后是一片绿竹猗猗。薄薄的云雾从山间蔓延开来，围绕在屋顶。

门前一只本在玩耍的灰色小猫突然警觉起来，背部弓起，盯着路口。
原来对面走过来三位行人。

不似出来游玩的旅客有说有笑，他们面容平静，眼神庄重，像有心事。
还没到木屋，就听到竹林里传来久违的 展开c"
小牮,10月31日 09:47  来自 荣耀Magic7 Pro,"c
小牮
10月31日 09:47  来自 荣耀Magic7 Pro
火红十月AI大潮

意外让体制外人惬享重阳

乙巳重阳节刚过，回望火红十月，我——“赤诚众小牮”心中感慨万千。“吾爱夕阳红，醉美不过夕阳红”，本月月末感文，便以“火红十月AI大潮意外让体制外人享重阳”为题，与大家唠嗑几句。

先声明，这绝非炒作。二十载网络耕耘，我获得的物质收益寥寥，仅几百 展开c"
聂辉华,10月29日 09:23 转赞人数超过100  来自 微博网页版,"c
聂辉华
10月29日 09:23 转赞人数超过100  来自 微博网页版
《透过基层，理解中国》 国考超话#基层治理##基层中国#

新书《基层中国的运行逻辑》今天正式上市了。我希望这本书能让你更好地理解基层的权力运行与治理逻辑，更好地理解体制。以下是书的前言部分。——聂辉华 2025-10-28

我是一名大学教授，每年都要给来自全国各地的大学生和研究生讲课，和他 展开c"
唐盐盐,10月28日 14:28  来自 微博网页版,"c
唐盐盐
10月28日 14:28  来自 微博网页版
驻村，往往是基层干部力量的真正源泉

翻遍整个《侯卫东官场笔记》，你会发现，他与村干部有点天然的自来熟。

在益杨，与青林镇的独石、尖山、望日、红坝等村干部工作，不管多难，得到了他们的认可；做新管会主任，与城关镇的村干部，通过让利的形式，度过了新闻采访曝光的危机；到成津做县委书记，与 展开c"
西梅鉴茶师,10月27日 23:28,"c
西梅鉴茶师
10月27日 23:28
为什么男生相亲都没耐心了呢，碰到一点困难就退缩？
九月份的事情，接触了一个体制内的初中数学老师+班主任。家庭条件不太好，无房无车，住教室宿舍，一般颜值；我有房车且无贷，工作上我能帮助她，但她帮不了我，而且我是本地人，人脉资源优于她。客观条件方面，我几乎都优于她，纯粹是看上她这个人不 展开c"
快乐的豆子328,10月27日 16:03  来自 iPhone客户端,"c
快乐的豆子328
10月27日 16:03  来自 iPhone客户端
在我没有结婚以前我对那些只照顾孩子忽视夫妻关系的人真的嗤之以鼻，可是现实狠狠打脸。我也曾经想夫妻关系是第一位的，但是有了孩子以后，一个几乎缺位的父亲只能由母亲补位。在体制内的我每天要按时上下班，回家要做饭，吃完了还要辅导孩子写作业，写完作业下楼玩耍。一天无数个事情等着你还怎么有心 展开c"
同一蓝天下,10月27日 14:02  来自 OPPO K9 5G,"c
同一蓝天下
10月27日 14:02  来自 OPPO K9 5G
幸亏在25年前离开体制内，不然我这辈子被荒废掉了。
上世纪八十年代中期毕业的大学生，如我，还是国家包分配的真正的天之骄子。我还是师范生，大专三年每天早中晚三餐还是国家免费提供的。
我工作的最初五年是在一所行业干部学校，学生都是有头有脸的各级干部，一年开不了几次班，课时数少得可怜，大部 展开c"
用户6705914920,10月27日 10:21  来自 祖国反黑站超话,"c
用户6705914920
10月27日 10:21  来自 祖国反黑站超话
祖国反黑站超话 强烈要求中纪委监委、省纪委监委领导提级督办！依法提供私自隐匿的四份材料 ，如本人实名举报不属实，愿承担一切法律责任！！！9.23 复制打开抖音，看看【張氏探探案的作品】宜宾市江安县委原书记张明明 # 忏悔录 # 反腐倡... O网页链接 11/02 Y@Z.mq sEH:/ 本人张瑞， 展开c
播放视频"
敬媛999,10月27日 07:22  来自 父亲超话,"c
敬媛999
10月27日 07:22  来自 父亲超话
父亲曾是一位小包工头，从我上大一的2004年起，他就一直勤勤恳恳地工作，靠着双手撑起了我们一家二十多年安稳无忧的生活。可就在2024年7月6日，父亲的工地上发生了意外——我的堂弟媳被重物砸伤，导致下肢瘫痪。从那以后，他们一家人便开始不断闹事。父亲一直承担着治疗的费用，可他们依然无休无止地纠 展开c"
三千耳Youth,10月27日 00:19  来自 iPhone客户端,"c
三千耳Youth
10月27日 00:19  来自 iPhone客户端
记录一些颇有感触的对话
“人和人是很讲究磁场的，和年数有关系，和磨合也有关系，奇怪的是我和大部分人相处都不会有和你待在一起的感觉”
“上次去呆的婚礼路上，在车上吃了你给我的糖，回去念念不忘，找你要了链接，我自己是买了，但是……总没有你给我的好吃”

“那很好呀，说明和我一起，你会很有 展开c"
Wruiz_,10月26日 19:02  来自 iPhone客户端,"c
Wruiz_
10月26日 19:02  来自 iPhone客户端
“花两年来想通一件事其实不算浪费人生”
“让自己和人们口中的‘前途’绝缘，继续待在不稳定和贫困里，直到今天我仍不晓得那是勇气还是懦弱。但我至少可以确定的是，如果会发生冲突，那是因为有什么东西值得我们这样。”

看到《加缪手记》里的这些话，我终于挤出时间来把前段时间的思绪整理并记录下 展开c"
Fairy的Lin,10月24日 19:34  来自 iPhone客户端,"c
Fairy的Lin
10月24日 19:34  来自 iPhone客户端
记：
这两天一直在盘开发区的资产 做各种交接
说实话 不管平时有多少抱怨
看到这种场景我的心里真的特别不得劲儿
从初入职场的萌新到接手办公室 一个人摸索跌跌撞撞的把工作捋顺清楚
到开发区不复存在还挺感慨的
感谢吧 感谢我走进体制内的也是初入社会的第一个领导
感谢他我什么都不用说他就都懂
像我 展开c"
岳春河,10月24日 14:25  来自 iPhone 16 Pro Max,"c
岳春河
10月24日 14:25  来自 iPhone 16 Pro Max
《放》
为什么你放不下？
……
概
……
那
那里
其
对方
有你一直渴望追寻的东西……
在奔赴过程中
你也在为自己感动
因为
这份感动
又是你最后核心自我身份认同……
……
你说
你能放得下吗？
……
重新
认识到了这些
既不再执迷追寻
也
重新自我确认了自我
不就
自然而然
放下了吗
而且
怀着感谢感恩 展开c"
Starrismm,10月22日 22:49  来自 iPhone 16 Pro Max,"c
Starrismm
10月22日 22:49  来自 iPhone 16 Pro Max
我又开始学习了，不过又换了一种学习内容，我开始学雅思了。
大学的时候以为会去留学，其实这也是我心里所想。但是种种原因，没有去成。我在一座不错的城市当体制内的小学老师。当时想，虽然不是理想的工作，但是稳定也挺好。干了一年，我以为能淡化以前那些遗憾的事情，可是这些事情却随着时间推移越 展开c"
__AlisVolatPropriis,10月22日 22:26  来自 微博网页版,"c
__AlisVolatPropriis
10月22日 22:26  来自 微博网页版
调prompt的过程中又发现把指令描述清晰是多么重要的一件事。

比如，我想让ai挑出这篇文章里面所有的生词，因为我这个生词本不仅仅针对我自己，后面可能会给学生用或者作为一个产品，所以我的设定是高中生水平。

所以，我告诉gpt，让他挑出这篇英文文章里面所有中国高中生不认识的单词。

实际上高中 展开c"
升值计,10月22日 19:35 转赞人数超过100  来自 荣耀300 旅拍神器,"c
升值计
10月22日 19:35 转赞人数超过100  来自 荣耀300 旅拍神器
作为全网最尊重体制内的博主，我发现一个现象。在中国众多小城市和县城中，存在一个引人深思的现象：购买保健品的主力军，已经是小城市体制内退休人员，已经成为保健品营销的主要目标。

其实也不止是县城和小地方，国内绝大部分是体制内的退休人员——尤其是干部和老师，非常吃保健品这一套。

这一现 展开c"
_艾痴_,10月22日 19:12 转赞人数超过1000,"c
_艾痴_
10月22日 19:12 转赞人数超过1000
我不再在意任何跟我不相干的人的眼光。

我的私人朋友圈已经关闭了，不再发任何东西。现在我对外展示的唯一窗口就是微博和助理朋友圈。

我今天做了什么好看的衣服，我心情怎样，我有什么感悟，我有什么成长，我遇见了什么好玩的东西，统统不发。

如果是为了记录，我只设置仅自己可见，不相干的人是看 展开c"
Boya博雅女士,10月22日 07:51 转赞人数超过200  来自 Redmi Note 12T Pro,"c
Boya博雅女士
10月22日 07:51 转赞人数超过200  来自 Redmi Note 12T Pro
刚刚看郭律直播间的切片，结合最近“翁帆女士和杨振宁先生”的故事，颇多感慨——怎么能改善夫妻之间的关系？身为中年人，我差点看哭了。

连麦者：
你好，郭律。我想您帮我分析一下，主要婚姻生活这一块，经常让我内耗。

我跟我老公是大学同学，在一起应该有十几年了，但是结婚比较晚。大学在恋爱三 展开c"
Robert67355,10月22日 03:00  来自 iPhone 12,"c
Robert67355
10月22日 03:00  来自 iPhone 12
我今天在图书馆写了差不多400多字以后，就回办公室了。然后路上我就整理了一下自己的思绪。我觉得我自己其实特别自私，把别人当成自己的努力目标，甚至没有问过别人愿不愿意这样。但我就看到自己为什么会有这样的心态。我认为，我目前处在一个压力特别大的时候，我的博士课题的完成本来我应该是有动力 展开c"
--千千晚星,10月21日 22:11  来自 iPhone客户端,"c
--千千晚星
10月21日 22:11  来自 iPhone客户端
人生永远都是围墙。

我在技校上班的时候，有3个烦恼，1是很烦我的上级领导，总觉得她常常阴阳怪气。2是很烦招生，这意味着寒暑假会被砍掉一大半且扣工资。3是觉得自己不在体制内。

于是我前些年的基本常态是一边上班一边备考，一年总会崩溃那么几次。有一次我考特岗，又进面了，但是要求必须是在无业 展开c"
秋日胜春6502551837,10月21日 11:38  来自 北京大学超话,"c
秋日胜春6502551837
10月21日 11:38  来自 北京大学超话
【恶人孔庆东】（1077）

写与央妹#央妹#

“可老师骂我是因为我勾结你破坏劝学群呀。〞

央妹，在孔老师眼里，什么人才是坏人？

“左派骂右派汉奸，右派骂左派汉奸。”

这句来自阿忆的微博，让我明白了孔老师为何会经常骂人汉奸，居然是北大遗风，北大有如此多汉奸？

“你可以接着说 ，我到底怎么 展开c"
赵老师很努力,10月21日 11:11,"c
赵老师很努力
10月21日 11:11
工作一塌糊涂、生活一团糟、看不到希望，撑不住了，还有前路吗？

网友来信：

赵老师，我想让你来听听我的故事，我觉得我自己要窒息了，如果哪天撑不住了，我可能就找个地方离开吧。

我25岁，父母都是在镇里摆摊做小生意的，2年前大专电商专业毕业。

但我当时很向往老师这行就去考小学语文老师，在 展开c"
不神经的神经叨,10月17日 22:22 转赞人数超过400  来自 发神经Android,"c
不神经的神经叨
10月17日 22:22 转赞人数超过400  来自 发神经Android
这篇博文建议转到相亲相爱一家人群里。
请各位岁月静好阿姨，知足常乐大叔不要骂我。

身体没有大毛病，但有点小毛病的低龄老人要学会照顾好自己，尽量不要过度麻烦正被工作折磨的焦头烂额的子女。

我在临床上经常会碰到一些五六十岁的低龄老人，本身生的也不是什么重病，但一有毛病就打电话让子女丢 展开c"
五雾芜,10月16日 23:50  来自 iPhone客户端,"c
五雾芜
10月16日 23:50  来自 iPhone客户端
最近想了许多，刚刚读了一年的硕士，便又要面临人生的分叉口，这一切过的太快了，这一次我没有了考研时的自信，也迷失了前进的方向，迟迟无法上涨的正确率，一封又一封的拒绝邮件，我不再从容.

我从小到大过着教科书一般的人生，一步步考上高中，考上大学，考上研究生，听着考上什么什么就好了的说辞 展开c"
咪鱼咪-,10月16日 16:37  来自 iPhone客户端,"c
咪鱼咪-
10月16日 16:37  来自 iPhone客户端
要不要生娃这件事我想了很久。
我是个很怕痛的人，上次做乳腺手术我痛了一周，手术时的恐惧还历历在目，生育的时候肯定会更痛的，我知道这个只是疼一时，会不会有永久性损伤不清楚。
假如我在本地的不育朋友多的话，应该也不会老是纠结生不生娃了。
我跟对象在体制内没有大钱赚，有了娃日子应该会紧巴 展开c"
赵老师很努力,10月16日 07:07,"c
赵老师很努力
10月16日 07:07
毕业两年，身边朋友陆续交卷了，我如果考不上体制内岗位就不配精彩的生活下去了吗？

网友来信：

赵老师，我毕业两年，身边朋友工作干什么的都有。大家也陆陆续续交卷，也有很多一直全职还在考。

通过考上得到铁饭碗，有的通过考上嫁得好。我不知道是周围带给自己的一种压力，还是莫名自身无形的压 展开c"
小天_天天,10月16日 02:32  来自 Android,"c
小天_天天
10月16日 02:32  来自 Android
。
。
。
。
黑泥

感觉大三挺痛苦的。不像大一大二，前面好像一直有人挡着，可以不费心思光想着当下。现在不行。无可避免地被推到了山边边，是决定做缆车去对面，还是再往上走走，全看自己了。我一直感觉自己没办法给自己做决定，我老是感觉自己对自己负不了这个责任。现在的我凭什么决定以后的我走什 展开c"
热爱自己与生活的无奈青年,10月16日 00:11  来自 鹿晗超话,"c
热爱自己与生活的无奈青年
10月16日 00:11  来自 鹿晗超话
鹿晗超话 一不留神下周就是香港场了，我有钱却不能去，好难受，难受的心痛，半夜躺床上就不自觉流泪，因为今年四巡我才第一次见到鹿晗，前三巡一直在上学，今年独自一人考公到了陌生的城市，本来是和闺蜜一起考，她没考上就剩我自己独自上班，她现在在家备考，我也不好经常找她倾诉怕打扰他学习， 展开c"
李树不秃,10月15日 20:08 转赞人数超过50,"c
李树不秃
10月15日 20:08 转赞人数超过50
最近26届的一些同学找工作，跟我说刷到小红书的帖子太焦虑，我的建议是立刻卸载！

我在秋招到春招的几个月内，因为经常在小红书看到我面试的很多单位的负面信息，做出过一些误判，焦虑的不行。以及很多帖子说法务这啊那的。

这些让我一度怀疑自己的选择到底对不对，但去做律师就轻松吗？不选择目前这 展开c"
_-555-_,10月15日 09:36  来自 iPhone客户端,"c
_-555-_
10月15日 09:36  来自 iPhone客户端
本来说好这段时间少看点这些社交平台，但在今天这个比较特殊的日子还是想写点东西，思来想去好像也只有写在微博了，其实我根本都不知道想说些什么，就权当安慰自己了。
刚刚选完岗，跟我哥聊了一下自己的想法，他作为一个已经进入体制内的人虽然不太理解我的做法但还是愿意支持我，谢谢他。思绪被拉回 展开c"
红发橙子,10月15日 06:26 转赞人数超过10  来自 HUAWEI P60,"c
红发橙子
10月15日 06:26 转赞人数超过10  来自 HUAWEI P60
#被体制内大佬的工作留痕震撼到了#别人评查我的案卷，估计觉得这个承办人太自恋了，卷里哪哪都是他的照片。

没别的意思，就是出去调证要是没调到，外出掏人没掏到，我都会在人家单位门口拍张照片放卷里，以示我来过，潜台词是虽然没收获，不是没干过。

万一多年以后案子真的出了啥问题，评查的人看到 展开c"
总有一天我要回家,10月14日 15:11  来自 英语学习超话,"c
总有一天我要回家
10月14日 15:11  来自 英语学习超话
从来没想过一份工作能给我干到一说就委屈的想哭的境界，到底是谁在羡慕体制内的人，体制内的工作不是一般人能干的了的，今天局长找来谈话说要给我调岗了，从人事调到财务，让我调整好心态，不要再说辞职的事了，可是我在这边真的不是很适应，脑子天天跟浆糊一样，动不动就头疼失眠，体重也在下降（虽然 展开c"
ruyishuo,10月14日 11:41  来自 iPhone客户端,"c
ruyishuo
10月14日 11:41  来自 iPhone客户端
考编有意义吗？分两段。
22-30岁，有编制可太香了。
一，找对象是王牌。丈母娘一看就高兴。哐哐哐，陪嫁两套房。
二，基本不加班。体制内加班是少见情况，除了台风暴雨，山洪暴发，或者大型体育比赛，一般没有什么必须加班。
三，有面子。亲朋好友都会把你视为 展开c"
violet这般般,10月13日 22:31  来自 iPhone客户端,"c
violet这般般
10月13日 22:31  来自 iPhone客户端
最近在持续的学习事业编考试。是在朋友的带动下开始准备的，自我本身，好像没有什么目的性和驱动力。有二十天了，还有不到两周也就要结束了。这个过程中，很多的时候我在想，我要考吗？我为什么要考呢？
有次下课碰到一个朋友，算是朋友吧。我是在大学刚毕业23岁的时候认识他的。认识他的时候，他和他 展开c"
投资人黄海,10月13日 21:18 转赞人数超过30  来自 微博网页版,"c
投资人黄海
10月13日 21:18 转赞人数超过30  来自 微博网页版
西贝和始祖鸟翻车背后的启示

最近一段时间，有几个大家很熟悉的品牌翻车了，包括西贝跟始祖鸟。

我的文章一直不追逐热点，我更关注的是热点事件背后，能给我们每个人带来什么思考。

事情已经过去一段时间，我们一起冷静推敲，这些品牌翻车事件带给我们的启示。

一句话来概括我的核心观点：西贝和始 展开c"
五彩荧光大马蜂,10月13日 16:49  来自 iPhone客户端,"c
五彩荧光大马蜂
10月13日 16:49  来自 iPhone客户端
中午下班去食堂吃饭，随手给妈妈拍了一张，得到了如下图回复👇，顿时在食堂就没了食欲，好像在提醒我在好好吃饭享受生活的同时而我的父母还在奔波工作连口饭都吃不上。
妈妈说她其实只是想表达，为我按时吃饭的生活感到很开心，但看到她的话我一点儿也不开心。
从小到大我听过了也 展开c"
西梅鉴茶师,10月13日 05:37 转赞人数超过20,"c
西梅鉴茶师
10月13日 05:37 转赞人数超过20
国企一把手安排人进国企有多容易？
朋友是个重度宠物奴，家里宠物养了一堆，某天，宠物协会联系她，说捡到了一条流浪狗，品相特别好，貌似是别人家里走丢的，问她要不要，她一眼就相中了，领回家养了一段时间。
狗主人找上门，就这样玄幻的相识，故事开始了。
狗的主人是本地某央企的一把手，才空降来 展开c"
unfettered1111,10月13日 03:26  来自 iPhone客户端,"c
unfettered1111
10月13日 03:26  来自 iPhone客户端
二十五岁的我怎么看待十五岁的我：感觉十年过去，我变得更烂了，十五岁的我是生活的勇者，敢于幻想未来，敢于主动求幸福，如今的我是生活的懦夫，怯于走出身上的套子，家庭，朋友，那个人塑造了“理性”的我，怯弱的我，不愿、不敢、不再逃出这套旧规则和旧秩序的我。也许当时的我会看不起这位吃公粮， 展开c"
轩师处世之道,10月12日 09:13  来自 微博网页版,"c
轩师处世之道
10月12日 09:13  来自 微博网页版
在体制内，说话的艺术往往能决定事情的走向。我曾亲眼见证单位副处王处，凭借三招“沟通公式”，在十余年里从基层科员晋升实权副处，连最难缠的人都能被他说得心服口服。这三招后来也成了我创业路上的“制胜法宝”。

刚借调到机关时，我是个只会写材料的“榆木疙瘩”。一次跨部门项目推进会，处长让我 展开c"
财哼亨,10月11日 18:46  来自 微博视频号,"c
财哼亨
10月11日 18:46  来自 微博视频号
考编有意义吗？听@财宝宝 怎么说

考编有意义吗？分两段。
22-30岁，有编制可太香了。
一，找对象是王牌。丈母娘一看就高兴。哐哐哐，陪嫁两套房。
二，基本不加班。体制内加班是少见情况，除了台风暴雨，山洪暴发，或者大型体育比赛，一般没有什么必须加班。
展开c

















播放视频"
最是橙光菊绿时678,10月11日 13:38  来自 HUAWEI P50,"c
最是橙光菊绿时678
10月11日 13:38  来自 HUAWEI P50
10月11日
今年上半年开始，我就明显感觉自己在辅导儿子学习上力不从心了
一是他学习深度和作业量开始上升
二是自己工作也忙，回家也需要松一口气
以前还能每天检查他的学习和作业完成情况
现在隔一天做一次可能都坚持不了
再不然就是一边加班处理工作，一边见缝插针检查他的学习情况
状态自然不好，情 展开c"
开始感悟GN,"自主创作
10月10日 19:32  来自 中年人超话","c
开始感悟GN
自主创作
10月10日 19:32  来自 中年人超话
中年人的工作现状~#中年人##工作# 很想和朋友们一起聊聊人到中年大家真实的工作情况是什么样的？说说我自己，体制内高职院校思政课教师，或许很多人羡慕的职业，却也有诸多的无奈和心酸。看着身边曾经的同窗好友有的是某学校某学院党委副书记，有的是某学校副校长，某大学副教授、硕士生导师等等，我也 展开c"
Yivillyn,10月10日 11:21  来自 Redmi Turbo 3,"c
Yivillyn
10月10日 11:21  来自 Redmi Turbo 3
齐传铮在现代可能开什么车？
我的想法是凯雷德，但是他开这个缪矜年开什么。
沃尔沃xc90？在境外撞坏无所谓 ，车不贵改装贵。
晏弦终也许是红旗国耀，他真体制内（我等一下）。
才发现我在现代忘了写他们的车了。"
新出行贺磊,10月09日 19:25 转赞人数超过100  来自 iPhone 15 Pro,"c
新出行贺磊
10月09日 19:25 转赞人数超过100  来自 iPhone 15 Pro
《国庆全新蔚来ES8两千公里真实感受日记（总结篇）》
最近10来天，一直在开这台新ES8，一直在路上，用手机敲字，也写了五篇小作文了，今天回到公司，端坐于电脑面前，有了更充分的写作环境，@Keven 也一直在催我，故想总结一下这两千公里云和月的所思所想，加上之前一直拖欠的动态部分，合并为此总结篇 展开c"
Huppyyae,10月09日 16:13  来自 iPhone客户端,"c
Huppyyae
10月09日 16:13  来自 iPhone客户端
不考公不考编不考研人生这辈子就完蛋嗯嗯，你们这些靠时代红利获得工作的长辈不配来对我指指点点，站着说话不要疼，把你辞了丢进人才市场看看现在谁能要你。非得体制内g企y企才叫体面的好工作啊？？？其实我也是这么想的，但是我的心性不允许我在这种岗位上呆一辈子呢……"
白白瘦瘦头发多的小幸运卷儿,10月09日 11:28  来自 微博网页版,"c
白白瘦瘦头发多的小幸运卷儿
10月09日 11:28  来自 微博网页版
我给你分析个粑粑
啥玩意走大法看不出来啊
你冲啥？
你都冲了两万了
夹紧双腿收好钱包，冷血无情走大法
工资卡要来再说吧

啥玩意都让我分析？
你让婚托买点Lv香奈儿爸资卡一交，还需要我分析么
——————————————————————————————————
160斤哈哈哈哈哈哈
挺可 展开c"
还好没腐烂在今天,10月08日 19:03  来自 荣耀60 Pro 5G,"c
还好没腐烂在今天
10月08日 19:03  来自 荣耀60 Pro 5G
其实我觉得我的焦虑和迷茫跟我在什么环境没关系。如果走体制内，去个区重，我会像所有体制内学生那样感到压力。如果放弃中考成绩，去个中本贯通，学简单的学科知识，我依然会迷茫，一遍一遍的告诉自己人不能只做自己能做的事情。如果像现在这样在走体制外，在国际学校，依然会对语言感到恐惧，为成绩焦 展开c"
绵绵小红豆,10月07日 23:58  来自 iPhone客户端,"c
绵绵小红豆
10月07日 23:58  来自 iPhone客户端
睡不着很多话想说但是没法说出口，不想把这样一面展现给任何人我总是想在别人面前展现工作顺利父母恩爱家庭和睦姐姐弟弟都很贴心，跟男朋友幸福跟朋友玩的开心，但是其实每一句都是谎话🙂
真的开始工作之前我对网上说的只有考上的那一刻是开心的这句话还是嗤之以鼻我觉得都是在凡尔赛，沉浸在自己毕 展开c"
Miss汉谟拉比,10月07日 23:06 转赞人数超过90  来自 微博网页版,"c
Miss汉谟拉比
10月07日 23:06 转赞人数超过90  来自 微博网页版
中秋吃饭还有一个有意思的事。家里人说，小美你跟十几年前我们见到你一样，这几年都没变化，看上去还是很少女。
我觉得上一次我在一个有些年龄的女性身上看到少女感，就是梅丽尔斯特里普。她在《大楼里只有谋杀》第三季的表演，不仅自然流畅，而且陷入恋爱时那种欣喜与娇俏，真的超级少女。
还有于佩尔 展开c"
智学语录,10月05日 21:45  来自 微博 weibo.com,"c
智学语录
10月05日 21:45  来自 微博 weibo.com
推荐8本适合你读的书

1.《曾国藩传》

前些时间，收到两本书，一本是张宏杰老师的《曾国藩传》，另一本是崔永元老师的《有话说》，花了一个晚上，先看完《有话说》，主要讲述的是说话的艺术；但花了几乎一周，读完了张宏杰老师的《曾国藩传》，这是我看过最好的一本曾国藩传，一个人的一生，竟可以如 展开c"
马小婷的好嫁风,10月05日 08:41 转赞人数超过600  来自 微博网页版,"c
马小婷的好嫁风
10月05日 08:41 转赞人数超过600  来自 微博网页版
我刚结婚的时候，跟老公吵架，回家会跟爸爸叨叨叨。
我爸爸只给我说：婷婷，耐心点，耐心点。

当然，我选择的老公还是可以的。
我现在有了孩子，更认识到父亲的话的含金量。
我才能理解，其实我爸爸在教育我的时候也是带着这句：耐心点，耐心点。
过了这么些年。

耐心其实能够滋养起来，是要很大的力 展开c"
水纹路,10月04日 17:17 转赞人数超过50  来自 Xiaomi 13,"c
水纹路
10月04日 17:17 转赞人数超过50  来自 Xiaomi 13
刚才我转发的那一帖的博主说：朋友圈是反具体的人的。说这个话的根据是什么？我没看明白。

朋友圈有屏蔽别人看的功能，也可以分组。不喜欢谁、不想让谁看，就分组呗，或者屏蔽。我的联系人里面还有完全没有开通朋友圈的呢。点进去个人信息，就没显示有朋友圈。

而且如果想写朋友圈的话，想写什么写什 展开c"
精神洁癖小姐姐,10月03日 20:08  来自 Xiaomi Civi 3,"c
精神洁癖小姐姐
10月03日 20:08  来自 Xiaomi Civi 3
我在体制虽然没有一官半职
专业不对口评职称也难……
但我能考进去
就是我的努力和福气啊……
最恨的是工作
但最可靠的也是工作
万事万物都有它的排位和座次
每个人都不是成为了自己想成为的人
而是成为了自己不得不成为的人……
我前夫也是国家重点实验室博士（肄业）
稳定 展开c"
玲珑的小宇宙,10月03日 19:39  来自 小米11,"c
玲珑的小宇宙
10月03日 19:39  来自 小米11
职场同事相处最忌讳这1点，千万别踩坑

体制内，永远别把同事当朋友

￼

熟悉我的都知道，我在体质内快6年，

各种坑都踩过，其中印象蕞深刻的坑是把同事当朋友。

刚进职场看到热情友好的同事，把他们当作好朋友，

各种掏心窝子的话都说，

结果，第2天全单位就知道了我家的情况，

刚出办公室门， 展开c"
一摊粥,10月03日 14:03  来自 iPhone客户端,"c
一摊粥
10月03日 14:03  来自 iPhone客户端
我觉得社会设置的工作时间有点太早了 逼的大家还没长大就被迫开始麻木了 这个时间不是说读研什么的能延缓的 是“有效工作年龄”被压缩所以大家只能赶紧上班 我刚刷到很多体制内甚至只要28岁以下报考了
这种揠苗助长让我觉得人好像真的没被当作人 这种身不由己不是自己努力乐观能改变的 和以前相比 我 展开c"
伯恩山脚下,10月02日 19:29  来自 iPhone客户端,"c
伯恩山脚下
10月02日 19:29  来自 iPhone客户端
从远方传来的消息说小学时候的一个朋友要结婚了，其实很震惊在家里破事一大堆见识过她爸爸那样不负责的性格后她还能再相信婚姻。小时候看她坦然面对她爸爸的出轨对象们还能和她们谈笑风声其实我真的很佩服她，她好像总是对这一切都无所谓，我也从没见她难受伤心过，一直都是乐呵呵的，早熟得能把跟她聊 展开c"
卓玛桑杰,10月02日 10:42  来自 iPhone客户端,"c
卓玛桑杰
10月02日 10:42  来自 iPhone客户端
二婶儿骨折了，想赶在午饭前看望，我和先生从沧州西奔石家庄方向，淮镇出口下。
驶出高速一路往北开，我担忧的说：家应该在南面。而先生淡定地说：错不了。
当车头由北往西拐，再往南，路标上熟悉的地名一一出现，郭庄、桑庄、王孔、郝村……从西郝到东郝，这条路虽已变成水泥路 展开c"
tianziimWald,10月01日 20:42  来自 iPhone,"c
tianziimWald
10月01日 20:42  来自 iPhone
（我妈那一支）家庭关系结构有点像轻享版体制内国企… 说得不准确但意思就是那意思，感觉就是那感觉。核心都是封建残余味，对外还要装个现代文明样子。有时装着装着泄露一两句真心话能把人吓死。打眼一看色香味俱全，仔细一看汤底飘着一根陈年老屎… 给自己说恶心了

之前说妈不在之后，我决心把处理家 展开c"
才不是声声夫人呢,09月30日 15:37 转赞人数超过300  来自 Xiaomi Pad 5,"c
才不是声声夫人呢
09月30日 15:37 转赞人数超过300  来自 Xiaomi Pad 5
一位同事要摆结婚酒了，因为是二婚，她没声张，只在私下邀请了包含我在内的四个同事。

得知我也被邀请，同事A非常诧异：“好奇怪啊！她居然会邀请你？看你们两个都没什么来往啊！”

听她这么一说，我对比了一下另外三位同事：其中一个和她的关系很好，来往密切，被邀请是理所应当；另两位跟她同组工 展开c"
哎哟喂小姐_,09月30日 09:14  来自 HUAWEI Mate 70,"c
哎哟喂小姐_
09月30日 09:14  来自 HUAWEI Mate 70
我在体制内的异类表现为，同事们认为我的穿搭和着装over。哎，我就是止不住的华丽。这是人性底色决定，就像我也看不懂他们为什么非要买那些乌漆嘛糟的衣服一样。"
旺仔牛奶糖的甜W,09月29日 12:04  来自 iPhone客户端,"c
旺仔牛奶糖的甜W
09月29日 12:04  来自 iPhone客户端
好久没写点东西去记录和诉说现状了，此时我正在回家的火车上，也许只有赶路和深晚时间才真是自己的，在这个密闭的车厢里，貌似把世界都要隔绝了，隔绝了那一切愁苦烦劳，带上耳机，选一首爱听的歌曲，抬头望望窗外，别有风味，此时我在享受时间带给我的片刻安宁，昨晚导师来到我们实验室，对我们现在手 展开c"
鹏程蛇口,09月29日 08:55 转赞人数超过100  来自 微博网页版,"c
鹏程蛇口
09月29日 08:55 转赞人数超过100  来自 微博网页版
体制内女科长嫁给老白男是好选择吗？
昨天一个女孩找我咨询，她想嫁给网上认识的一个美国男人，到美国去生活，她说在国内找不到合适的人结婚，觉得国内这些相亲男太鸡贼。知道我在国外生活工作多年，就想着让我给一个建议。
这个女孩子很优秀的，985硕士，38岁，在体制内工作，做到了科级干部，收入不 展开c"
膏树卦磕喃_不崴脚,09月29日 02:11  来自 真我GT Neo6 SE,"c
膏树卦磕喃_不崴脚
09月29日 02:11  来自 真我GT Neo6 SE
我一直都知道我爸妈也许没有那么爱我，起码没有像爱我弟那样那么爱我，从各种大事小事里能分析出来，但一直没有什么实感
但是今天晚上我突然想到了更多的东西
他们一直逼我考公，但每当我提起体制内根本没有人能指点我一二，也没有领路人脉的时候他们都避而不谈。我今天晚上想明白了，也许他们根本没觉 展开c"
林文七-广东萌神版,09月29日 00:02  来自 萌神的iPhone 16 Pro Max,"c
林文七-广东萌神版
09月29日 00:02  来自 萌神的iPhone 16 Pro Max
我从很小就是个爱打扮自己但不臭美的小孩。
小时候我妈酷爱给我买衣服，
就是隔三差五就要去买新款。
她让我对质感和颜色有基本的启蒙。
我小时候老爱穿黑色。她说怎么老是把自己搞得那么深沉。然后给我买了一件绛紫色的双拉链短宽外套。（这个版型现在风很大）
后来我自己买衣服多了有了手感，一部分 展开c"
用户6705914920,09月28日 16:40  来自 人民直播超话,"c
用户6705914920
09月28日 16:40  来自 人民直播超话
人民直播超话 强烈要求中央纪委监委、省纪委监委领导提级督办！如本人实名举报不属实，愿承担一切法律责任！ 9.23 复制打开抖音，看看【張氏探探案的作品】宜宾市江安县委原书记张明明 # 忏悔录 # 反腐倡... O网页链接 11/02 Y@Z.mq sEH:/ 本人张瑞，现实名举报唐浪生以案谋私，滥用 展开c
播放视频"
封士明,09月28日 16:00 转赞人数超过50,"c
封士明
09月28日 16:00 转赞人数超过50
你知道比爹味还难闻的是什么吗？官味儿。

我们小区的物业建了一个羽球群，邻居问是不是有比赛？物业说应该是，等通知。

昨天有邻居发来群消息，我们这个地产品牌今年的社区羽球赛开始了。参赛的六个小区没我们。

邻居们炸了锅，问物业为什么不通知报名？物业说不知道。邻居问，那你建群干嘛？不回答 展开c"
Wanan叮叮车----,09月28日 12:28  来自 iPhone客户端,"c
Wanan叮叮车----
09月28日 12:28  来自 iPhone客户端
23岁的生日我觉得我超级幸运
我懂得了好多道理
我在这个人生阶段回答了三个问题：
什么是我觉得重要的事情？
——我有一个健康、开心的生活氛围
什么是我擅长的事情？
——我擅长换位思考和共情、我擅长爱自己和爱别人
什么是我喜欢的事情？
——我喜欢摄影、旅游、体验新鲜事物。我喜欢去发现不一样的 展开c"
轩师-上善若水,09月28日 10:30 转赞人数超过10  来自 微博网页版,"c
轩师-上善若水
09月28日 10:30 转赞人数超过10  来自 微博网页版
为人父母最大的愚蠢，就是耗尽子女的运气还不自知。父母从来都是孩子的起点，但有些父母却只把孩子当成是来讨债的。越是闭塞的环境，父母对孩子的要求和管束往往越多。他们一方面并没有对孩子的托举意识，另一方面又会不厌其烦拿自家孩子和别人家的孩子比收入、比学历、比前途。总之，在认知固化的父母 展开c"
郁韵子_,09月27日 23:15  来自 Xiaomi 14,"c
郁韵子_
09月27日 23:15  来自 Xiaomi 14
似乎找好工作了...
告诉了几个最亲近的人
但还没告诉父母
感觉父母会反对或者不看好
他俩在体制内稳定一辈子了
看不上这些似乎低等的工作

找工作太容易焦虑了
做qc技术含量低 没啥发展 没啥好待遇
做老师迟早失业，也没意思
做点有趣的行业，在似乎比较好的工作环境
对我来说确实有些吸引力

况且我 展开c"
不舒服不开心就要说出来,09月27日 11:02  来自 荣耀90 GT,"c
不舒服不开心就要说出来
09月27日 11:02  来自 荣耀90 GT
我毕业之后就没从家里要过1分钱。那会儿在北京刚毕业这份工作月薪是11000，然后我当时要换租房，但是卡里有限额，当时钱转不出去了，然后我就跟我妈在微信上，我说现在加群里想要那1万，然后我爸一整晚都假装没有看到，也不回复我们三人家族群里的消息，然后我就只能私聊我妈去要那1万，然后我妈说我妈 展开c"
XXX·11·,09月27日 01:40  来自 iPhone客户端,"c
XXX·11·
09月27日 01:40  来自 iPhone客户端
今天写了一份材料，晚上又经历了新岗位第一次加班。跟着党委政委局长，像个新兵蛋子似的，体制内对 i 人来说真的不友好，我觉着我当个哑巴挺好的，但耐不住领导爱跟你找话题。加完班拍摄完，领导要我在群里发图写文，和同事一对接他说他来发，我就完完全全信任了，结果直到十一点还没发，微信不回电话 展开c"
广西佬-,09月27日 00:37,"c
广西佬-
09月27日 00:37
广西佬观察日记

我一直是个性格开朗、待人随和的人，在成长中接触过不少男生，也有过几段恋爱经历。正是这些或长或短的相处，让我对亲密关系里的相处模式，有了越来越清醒的认知。

前段时间和楼下阿姨聊天，她的吐槽让我颇有共鸣。阿姨的老公是老板，大男子主义观念很重。他们的儿子曾受重伤，阿姨只 展开c"
TGINING,09月26日 23:53  来自 Android客户端,"c
TGINING
09月26日 23:53  来自 Android客户端
今天是我在博物馆实习的第五天（9.22-9.26）

头两天闲得我迷迷瞪瞪，然后帮忙整理了两天资料，今天又没事了开始摸鱼

我觉得人还是不能去太闲的地方待着，不然也太磨灭心志了刚开始那两天我没有任何活可干，就在办公室坐着干自己的事，真的有点焦灼，明明有一身的劲但没地方使，明明很想 展开c"
路过地球吃空火锅店的那一夜,09月26日 15:50  来自 荣耀80 Pro 5G,"c
路过地球吃空火锅店的那一夜
09月26日 15:50  来自 荣耀80 Pro 5G
如果要强迫你你才会考虑这件事
那么现在不是自由的 并且你不喜欢这件事

在人生五项里 我第一个写下权利——我要我拥有反抗和决定的权利。后来仔细想过，“自由”没办法完全概括这个感觉，他只能称之为“权利”。
但我最后留下了“勇气”。因为有勇气我可以去做任何事情，一切。保护我，让我快乐，让我 展开c"
社畜茶水间,09月26日 15:36 转赞人数超过100  来自 微博轻享版,"c
社畜茶水间
09月26日 15:36 转赞人数超过100  来自 微博轻享版
投稿：
茶茶好，对现状有点焦虑和迷茫，想听听大家的看法。

个人情况是普本毕业，冷门专业，妈妈和继父都在打零工，家里还有弟弟妹妹，我和他们关系也不太好，所以家庭不能为我提供一丝一毫助力，我的性格特别内向，能力也一般。

去年毕业，今年考上同市不同县的事业单位，有五年服务期，已经入职快 展开c"
十六_MBF,09月26日 15:08  来自 16的iPhone 16 Pro Max,"c
十六_MBF
09月26日 15:08  来自 16的iPhone 16 Pro Max
再过一周就要来日满6年了。6年也是我在体制内蹉跎过的长度。

有让我想过“这一块还是国内好啊”的地方大概只占不到5％。大多数相对的不便我都认为是一种“代价”，毕竟生活方面往往不可能什么都占，选择了一些，就需要牺牲另一些，两害相较我肯定是取对自己来说轻的一方。这里虽然也有值得诟病的地方 展开c"
YYYozma,09月24日 23:50  来自 微博网页版,"c
YYYozma
09月24日 23:50  来自 微博网页版
我在体制内工作和企业内的工作。

我的社会地位严重下降，白领vs蓝领
关于孔乙己的长衫困境，我有没有被尊重，被看不起甚至被贬低，我觉得是社会无数人的观念乃至是传统思想赋予给你的，你要想清楚这是你的思想吗，这是你的游戏玩法吗？我们之所以不想跟蓝领或者劳动人民打交道，或者统一概括他们智商 展开c"
容易很不容易,09月24日 19:25  来自 nova 13 不拘一格,"c
容易很不容易
09月24日 19:25  来自 nova 13 不拘一格
感恩大家做完啦

秋天的一场露营|离不开航海家这辆出行搭子 才感盛夏忽... O网页链接
复制后打开【小红书】查看笔记！

没看着序号宝宝辛苦看编辑记录"
药学长plus,09月24日 15:52 转赞人数超过100  来自 iPhone X,"c
药学长plus
09月24日 15:52 转赞人数超过100  来自 iPhone X
体质内很多年轻人，从一开始就放弃自己掌控自我命运的能力，我们从小习惯了跟随，别人帮我们把路都安排好了，跟着走就行，进入社会，很多人也是同样的思维，随大流吧，单位让忙什么，我就忙什么，我的命运就交给单位了，交给领导了，我只要认真工作，把领导舔明白就行了。我在最早期的时候也是同样的思 展开c"
皛言及皛语,09月24日 15:29  来自 HUAWEI Mate 60,"c
皛言及皛语
09月24日 15:29  来自 HUAWEI Mate 60
最近越来越不能好好表达了。
其实最近很是有些低落情绪，毕竟我太不会或者说不愿意逢迎，这在体制内尤为致命。我写了一篇又一篇迎检材料，领导还挺喜欢我的文字，但是始终做不到消耗自己去塑造每个上级都喜欢的脸。最近又在读研究生，学校里的象牙塔轻松氛围对比起来让那种谄上欺下的压抑更显 展开c"
玲珑的小宇宙,09月23日 18:00  来自 小米11,"c
玲珑的小宇宙
09月23日 18:00  来自 小米11
体制内5年探索出的安全又快乐的妙招

￼

熟悉我的都知道，我在体制内5年，

踩过不少坑，躲过不少明枪暗箭，

从莫名背锅、时刻紧绷，

到学会保护自己、放松自己，

以下都是我5年体制中摸索出来的，

帮助你职场避坑，快乐上班！

1.需要报送的文件材料留好备份

报给其他部门、单位的材料，一定要 展开c"
AA专业西瓜上籽,09月22日 21:44  来自 HUAWEI Mate 60,"c
AA专业西瓜上籽
09月22日 21:44  来自 HUAWEI Mate 60
感觉找对象比当初找工作都难
家人和朋友说：“你的工作和学历不难找啊”
但是我遇到的实际情况并非如此。
真是充满了无奈，甚至还有离谱的经历

比如说

①女生比较高（1米7），想找高的（可以理解）

②见面后对方觉得不合适，对方喜欢性格活泼有趣，比较会聊天的男生。感觉我属于比较学术那种 展开c"
徐国华自由中的爱,09月22日 18:41 转赞人数超过10,"c
徐国华自由中的爱
09月22日 18:41 转赞人数超过10
小课里大家提问，关于天赋使命，分享了一下我的想法。

关于使命，我的看法是先把自己活好，好好爱自己，和自己的感受多多在一起，把自己的日子过起来，才能更好的感受到自己的天赋使命。否则天赋使命摆在自己面前，都看不到感受不到。

我现在挣钱养家的渠道是做手工食品，我也问自己，我的天赋使命就 展开c"
魏清欢丷,09月22日 16:53 转赞人数超过40  来自 不想上班的iPhone 13,"c
魏清欢丷
09月22日 16:53 转赞人数超过40  来自 不想上班的iPhone 13
秋招已经开始了，说一点浅薄经验之谈
以下经验仅适用于
1️⃣ 你本人对学术不感兴趣，考研的学校也不是985 211
2️⃣家里无法给你未来人生托底→体制内/国企编制/出国留学
3️⃣ 本科学校是普通本科，🈚对口企业，找工作就是广撒网千军万马过独木桥
满足以上的可以继续看

想写这个是，前两天我的本 展开c"
imago0,09月22日 01:42  来自 荣耀200 写真相机,"c
imago0
09月22日 01:42  来自 荣耀200 写真相机
最近被一个姐姐互关了，有时候感慨自己命真好，总能遇见细腻又温柔的前辈。

对方一直在给我贫瘠的作品点赞评论，但是我没有勇气对她说，我也好喜欢你的文字啊。有自己的生活，可以独立地、有底气地回顾梳理自己的感情和经历，这是很让人羡慕的事，也是我很想做到的那种生活方式。

昨儿晚上冒着雨跟朋 展开c"
马房长大的土包子,09月21日 23:36  来自 iPhone客户端,"c
马房长大的土包子
09月21日 23:36  来自 iPhone客户端
姥爷是一个很厉害的人，19岁当高中老师，29岁当校长，后来去体制内做了领导。可是最近知道了一些事，刷新了我的认知。我以为那个年代的人思想和行为保守，而且他又是在体制内，方方面面应该都有限制。可是他说，他两三年前去帮我们家一个被家暴的女性亲戚收拾她老公，给人来了个过肩摔。我说，他会不会 展开c"
嘉嘉嘉俐,09月21日 10:47  来自 星星💫iPhone 16 Pro Max,"c
嘉嘉嘉俐
09月21日 10:47  来自 星星💫iPhone 16 Pro Max
特别想写一下现在的感受。

昨晚舅舅家的姐来我家小住一晚，明显感觉到她也端了点儿职业的架子，我看到了。从上次她来吃饭说了一句，我就从没觉得咱俩是从小一起长大的，那一刻我心里是很堵的，因为小时候去姥姥家玩就是跟她玩儿，小学也是，回老家就是找姐玩儿，我初中，她高中，她也终于来了市里，读 展开c"
工商秘密,09月18日 16:46  来自 微博网页版,"c
工商秘密
09月18日 16:46  来自 微博网页版
认识了个女生，认识了小一年了，说实话我很喜欢她，但是我实在是摸不清楚她是什么情况，见面就加了微信，后面其实是过了两三个月才熟络起来，经常微信聊两句。四月份到现在聊的比较多吧，我因为喜欢她吧可能是，分享欲很高，但是不是那种很黏着天天硬聊。我怕一直给她发信息她会很烦，虽然她回消息真的 展开c"
王盐Charles,09月18日 09:30  来自 微博网页版,"c
王盐Charles
09月18日 09:30  来自 微博网页版
体制内被领导欺负怎么办？

网友提问：王老师，请教两个职场问题。

1.我在体制内，一些老同志和领导爱拿年轻同志，比如我开开玩笑，在众人面前我也有点被排挤的感觉，他左右不了我的薪资但是能左右我的职级，我没有做错什么，可能单纯就是不站队吧，比较独立，下了班就走，也不混圈子，您觉得在职场里 展开c"
中年少女生活实验室,09月17日 20:54  来自 iPhone客户端,"c
中年少女生活实验室
09月17日 20:54  来自 iPhone客户端
我在坐顺风车时，被车主问：我们有没有可能发展？你介意姐弟恋吗？你对伴侣的要求是什么？

车主的大概状况如下：1米8，长得也算帅气，努力工作，每天做两份工作，賺1万多，大概能存个五六千，这已经是很不容易的事情。他有过婚史，有一个孩子，离婚时，孩子被母亲带走了。他没有房子。他高中毕业后去 展开c"
超究极无敌死神爆豹,09月17日 11:18  来自 Android,"c
超究极无敌死神爆豹
09月17日 11:18  来自 Android
人能有多倒霉呢？
上午去赎车，感觉导航到乡下去了都，到地儿司机都不确定了，问我是这儿吗？我说应该吧。。
问了半天找到了处罚中心，问我车放哪儿的，我说xx公司门口。
就我们公司门口电动车的数量，我以为被拖走了不少，要找好久，结果一张照片里就四辆车，其中就有我的
我问工作人员哪里能停 展开c"
南南非非,09月17日 04:06 转赞人数超过100  来自 iPhone 16 Pro Max,"c
南南非非
09月17日 04:06 转赞人数超过100  来自 iPhone 16 Pro Max
微博老粉都熟悉Jeffery哥哥，从19年到现在一直时不时在微博里就会提到，从小跟着妈妈在世界各地上夏令营，高中以前一直在体制内公立学校读书，但是一口流利的英文。高中后转入海淀外国语学校，决定去美国留学。Jeffery 哥哥不仅成绩优异，连续几年都是校学生会主席，情商高有礼貌。这次也拿到了很多优 展开c"
鹿信,09月15日 13:54 转赞人数超过20  来自 iPhone客户端,"c
鹿信
09月15日 13:54 转赞人数超过20  来自 iPhone客户端
这个世界常给我一种【考不上好大学、进不了体制内】天就要塌了的感觉，至少我在大四之前深受荼毒。结果众所（不）周知的就是，这种思想导致我本科毕业有一年的时间都在轻度的抑郁状态里。

后来我慢慢意识到，当我把一个事物放在生命的首位时，它就成了一个无形的“神明”。我的意念昼夜思想着它，时间 展开c"
绿淽小姐,09月14日 21:54  来自 iPhone客户端,"c
绿淽小姐
09月14日 21:54  来自 iPhone客户端
再一次感受到婚女和未婚女之间的壁垒
下午我在世博馆的时候，微信突然弹窗
是沉寂很久639宿舍群
上一条消息还停在24.10.9
是我下铺培训，恰好回我们母校
群里开始活泛起来
她们断断续续发了很多条
返程高铁上浏览了那串消息
她们讨论孩子 工资 职称
每一条都不是我当下的课题
孩子我没有
工资我已脱离 展开c"
朴田野子,09月14日 20:59  来自 iPhone客户端,"c
朴田野子
09月14日 20:59  来自 iPhone客户端
前几天突然收到九月初投的一份简历的初筛通过的通知的时候，我是很惊讶的，不是惊喜，是惊讶。因为我完完全全把这件事情抛之脑后了，我现在也有工作，所以我完全没有把这件事情放在心上。以至于这件事情我几乎一个朋友都忘了说，因为我是一个分享欲很强的人。
初筛过的时候，因为一些机缘巧合，知道了 展开c"
星空71350,09月13日 00:43  来自 iPhone客户端,"c
星空71350
09月13日 00:43  来自 iPhone客户端
四月多LL老师走了后 真的难过了许久 超喜欢的老师就这么走了 对我也超温柔 宝贝宝贝的叫着😭😭😭做错了也不怪我 还耐心跟我说要怎么样怎么样 真的超爱的啊啊啊啊 后面ＴＴ老师在六月中旬来的 他和肯哥一样 看起来都好年轻啊哈哈哈 真的不知道的还以为他刚毕业 我一开始以为他是新来的 后面wth在 展开c"
秋日胜春6502551837,09月12日 22:53  来自 北京大学超话,"c
秋日胜春6502551837
09月12日 22:53  来自 北京大学超话
【恶人孔庆东】（1123）

写与央妹#央妹#

公子信：“那些伤害你的人，他们的确是不对的。但他们真的一无是处吗？咱想想，老师会为了挽留你，就去批评他们吗？仅仅因为他们说了几句过火的话？
随便给别人挑刺，这种行为老师已经批评过无数次了。他们不改，老师有什么办法？难道让老师亲口跟你道歉，说 展开c"
丁秋棠,09月10日 23:09  来自 微博视频号,"c
丁秋棠
09月10日 23:09  来自 微博视频号
📣#【破圈•生长】｜🆒#汇聚骆岗•资源共享#
世上没有陌生人
只有未来得及谋面的朋友

如果我还能被你所利用
那是我的幸福和还有价值

我可以为您和您的家人
带来健康和安宁

相信是一种能力
丁秋棠期待与您相遇
@安利
@新华社
@人民日报
@央视新闻
播放视频"
空山新雨听夜半MC,09月10日 22:52  来自 iPhone客户端,"c
空山新雨听夜半MC
09月10日 22:52  来自 iPhone客户端
十几年前，我以应届毕业生的身份踏入教育体制内，成了当年一所地区名校里年龄最小的教师。就这样，我怀着忐忑与期待，在学生家长怀疑的目光中，勇敢地开启了我的职业生涯。教学工作虽逐渐步入正轨，但在这过程中，也并非一帆风顺，当时面对种种挑战茫然无措的情景依然历历在目。好在，我在高压环境里也 展开c"
雪吻春,09月10日 15:24  来自 微博视频号,"c
雪吻春
09月10日 15:24  来自 微博视频号
体制内工作可不好干啊，满满的事故毫无人情啊 L雪吻春的微博视频
播放视频"
ximmio,09月09日 21:15  来自 iPhone客户端,"c
ximmio
09月09日 21:15  来自 iPhone客户端
其实我很早前就知道我是个不喜欢改变的人，我点外卖吃到一家我觉得好吃的店我就会经常点它，用到很适合我的腮红我也会一直用它，也可以说我是个喜欢待在舒适圈的人，所以我在临近毕业的时候想明白了，也就不想继续考研了，开始想考公，觉得公务员是我想要的工作，即使最后没有成为公务员，但也算成为半 展开c"
颜值悦色,09月09日 12:01  来自 微博视频号,"c
颜值悦色
09月09日 12:01  来自 微博视频号
体制内工作可不好干啊，满满的事故毫无人情啊 L颜值悦色的微博视频
播放视频"
叹吾生之多艰,09月09日 10:40,"c
叹吾生之多艰
09月09日 10:40
【】您好，我想投稿。我老家是广东的小城市，现在在离家快3000km的地方上大学，原本正在备战今年考研，书买了课买了，备考花了好多钱，目标院校的老师都提前联系好了。但，我放弃了，本来已经该准备预报名的日子，我在改简历找工作。
父体制内已退休多年在家中，曾经也是我很敬仰的人。但他对母亲掌控 展开c"
西梅鉴茶师,09月09日 10:33 转赞人数超过10,"c
西梅鉴茶师
09月09日 10:33 转赞人数超过10
张雪峰推荐成绩中下的女孩子，以嫁人为首要目标，你怎么看？
说一点我自己的感慨吧，作为一个十多年前曾经成绩中等偏下、颜值身材在线的女生，现在一个35岁的“中年大妈”，我认为他说得对，人生的赛道从来都不止一条。
高中时，我就真切感受到了学习上的吃力，即便拼尽全力，成绩也很难跻身中上，高考 展开c"
玲珑的小宇宙,09月08日 18:42  来自 小米11,"c
玲珑的小宇宙
09月08日 18:42  来自 小米11
体制内遇到恶心的同事及时回击不要软弱

体制内同事都冲你甩脸子了，你还客气啥？

￼

熟悉我的都知道，我在体制内5年，

刚入职那两年踩过无数同事挖的坑，

也遇到了不少恶心的同事，

当时年轻不知如何应对，

即使被同事推活、甩脸子、贬损打压也不敢回怼，

不知生过多少窝囊气，内耗到不行，心 展开c"
又一村2333,09月08日 12:19  来自 情感超话,"c
又一村2333
09月08日 12:19  来自 情感超话
姐妹们，今日份投稿。

今天感悟，很多人会陷入信息茧房，总觉得身边即世界，何不食肉糜的想法可能就是这么来的。
举个例子：现在新能源车比较多，也有很多新功能，比如提前远程开空调，哨兵模式，无钥匙启动，甚至智能驾驶，给大家带来很多便利。

人总会对已经得到的东西习以为常，觉得是本来就该有 展开c"
水母,09月07日 23:35  来自 iPhone 12 Pro,"c
水母
09月07日 23:35  来自 iPhone 12 Pro
因为最近和前同事们在巴黎见面，加上和朋友有线上的各种交流，挺有感触的。我首先很感谢我自己和我的前同事们，在每一段工作里，不管工作是不是愉快、走的时候开不开心，但基本都交到了现在还联系的朋友。

然后因为有前同事从某前司走的不开心，还有被（部分）同事背刺的感觉，于是说起来现在有一种观 展开c"
雯雯需要爱,09月07日 18:10  来自 OPPO Reno14,"c
雯雯需要爱
09月07日 18:10  来自 OPPO Reno14
现在看以前的聊天记录还是想哭(╥﹏╥)由于我太敏感，我不想说一些让你很伤心的话💔我们也认识一年多了，但是我们是yp认识的这个本来就不纯 但是你个子高高的还是个👮🏻‍♂️我就很崇拜你 在你身边也很有安全感(〃'▽'〃) 不过自从去年六月份见过面后 你有两次说我们要见面 我在学校每天都很期 展开c
播放视频"
大脑门杨怼怼,09月07日 14:11,"c
大脑门杨怼怼
09月07日 14:11
感冒咳嗽了，之前感冒咳嗽喝中药效果不错。周日上午中医院有大夫上班，我就挂上了号。但是～可以抓药，当天药局没法熬
大夫建议我去药铺煎中药
5付药，出15包。某药铺工作人员写上35元，我说之前在医院好像18块
她说：不在这开药，所以贵一点
然后她又仔细地算了一下，把之前写好的35写成了37.5～
我说 展开c"
佛垢裡,09月07日 05:40  来自 微博轻享版,"c
佛垢裡
09月07日 05:40  来自 微博轻享版
第三场饯别饭，和高中舍友一起，聊了各种八卦，最后总结体制内真香😮‍💨
我从坐上车那一刻就开始骂人，骂af，骂饭店，骂蛋糕，骂行人，骂一切……但朋友们全都习以为常，说我的日常就是在辱骂全世界只是在我说蛋糕难吃的时候求我在人家店里小声点。
五块蛋糕！没一块！好吃！没有！
展开c"
安昌堂何德,09月06日 20:55 转赞人数超过100,"c
安昌堂何德
09月06日 20:55 转赞人数超过100
我的某同学，一直看不起我在外面混，说不务正业，我一气之下退群了。他的医术好，天天忙得团团转，经常向同学们抱怨“又是牛马的一天”。有一天诊后觉天旋地转，扑通倒地，幸亏就在医院，急急救下一条命。后来一直自己开药调理，调得还可以，但医务一忙，就头晕心悸乏力，不敢再拼，想开拓另一条渠道， 展开c"
小丁是丁,09月05日 09:04  来自 微博网页版,"c
小丁是丁
09月05日 09:04  来自 微博网页版
开学了，楼下学校早七点半会准时响起大喇叭。

第一天是开学典礼，每个班排队入场，队伍前面走着举牌子的同学，在操场上形成一个个团队，听领导讲话，学生代表讲话，还有唱歌的，应该是文艺表演的一部分。
太阳很晒，气温也很高。一大早家里就开启了空调。

学生站在太阳底下，只有最南边那个班的学生 展开c"
游魂归来时,09月04日 22:36  来自 Xiaomi Civi 3,"c
游魂归来时
09月04日 22:36  来自 Xiaomi Civi 3
今天学了一个多小时，把C部分的单词背完了。

说实话，我真不知道自己一天就这样学一点能不能考的上。
有时候觉得日子真的没有盼头，像个神经病一样，一会心情好，一会心情不好。
我从来没有像现在这个时候怀疑过自己。

从小到大，我坚信自己是个优秀的人。我能很轻松地学会老师教的东西，能够面对压 展开c"
西梅鉴茶师,09月04日 21:32,"c
西梅鉴茶师
09月04日 21:32
刚提拔，同办公室临时工仗着年龄喊我小某，怎样委婉提醒他没资格这么喊？
这事，我碰到过。
我是个90后，目前职务是正科实职，单位又属于实权部门，所以在外人看来其实非常有面。
相熟的领导和同事一般都是直呼其名，或者叫我名字的后俩个字以示亲昵，反正叫我什么我就应什么，我都无所谓，毕竟在机关 展开c"
冷笑话精选录,09月04日 12:10  来自 微博视频号,"c
冷笑话精选录
09月04日 12:10  来自 微博视频号
#令人心动的offer#期待这个综艺L番薯一番的微博视频
播放视频"
美美小兔子,09月01日 10:18 转赞人数超过200  来自 iPhone 16 Pro Max,"c
美美小兔子
09月01日 10:18 转赞人数超过200  来自 iPhone 16 Pro Max
#兔总深夜食堂#
很喜欢这个女生，写得很有条理，排版清晰。

【题主】
兔总、汪博您好，关注您们很久了！想说一下我的情况，希望能听听你和大家的客观建议。

一、我的基本情况：
97独女，家乡在北方小县城，父母是普通工薪阶层（已退休/即将退休）。他们非常开明，支持我在南方工作定居的选择。
教育 展开c"
首艘航母瓦良格历史鉴证人周济谱,08月31日 20:21  来自 微博视频号,"c
首艘航母瓦良格历史鉴证人周济谱
08月31日 20:21  来自 微博视频号
《周公济谱简介》
我是周公济谱，曾投身国家重大事务，参与国务院首艘航母项目，担任华夏航空母舰工作组组长。我推动发行东北四平首支股票，创办东北首家民营孤儿院，先后出任三家上市公司董事长，在国企、央企担任董事长、党委书记长达38年，享受体制（括号）待遇，这些经历至今难忘。
16 展开c



播放视频"
叫我吴律师,08月31日 19:48 转赞人数超过10,"c
叫我吴律师
08月31日 19:48 转赞人数超过10
一般情况下，我很少拒绝客户，毕竟，做律师的没人会跟钱过不去。

A转行做生意之前在体制内待了十几年，出来后生意做得不错，我们是经朋友介绍认识，当时互留了微信和名片。他说公司已经有法律顾问了，需要的时候跟我联系。

过了一年，A通过朋友找我咨询一个案件。我收到文件后看了一下，推测这份材料 展开c"
玲珑的小宇宙,08月31日 19:34  来自 小米11,"c
玲珑的小宇宙
08月31日 19:34  来自 小米11
体制内别去经营同事关系，持冷漠人设

听我一句劝，体制内真的不要经营同事关系

￼

熟悉我的都知道，我在体制内5年，

经历下来发现：体制内真的不要刻意经营同事关系。

记得刚进单位的我，带着父母对我的嘱托——好好跟同事相处，

无论遇到谁都是陪笑脸，

办公室里的活都是抢着干，

同事找我帮 展开c"
欢天喜地路仙女,08月31日 17:27  来自 iPhone客户端,"c
欢天喜地路仙女
08月31日 17:27  来自 iPhone客户端
我已经从西藏回来10天了，常常翻相册里面的视频和照片，看当时都觉得看腻了的蓝天，大朵大朵的云彩，和把人能晒酥了的太阳，想起当时在路上的那种心情，每个路人，打招呼的老乡，骑摩托赶我们下山的藏族小伙，没遇到过坏人，没有糟心的事情，到现在我都忘不掉我在羊湖湖边坐着的那两个多小时，只是坐在 展开c"
思周淮南,08月31日 16:40  来自 vivo S19,"c
思周淮南
08月31日 16:40  来自 vivo S19
写给周涛的第一封信
周涛老师:
这是我给您写的第一封信。假设你能看到的话，我想，您一定是一个很温暖的人，我也想温暖你。
今天距离我的公务员考试还有92天，许是因为备考的压力，学习的不顺利，我在手机上刷到了一条您的视频，事实上也是逃避学习，我刷到了关于您的视频。
第一 展开c"
彼岸花azure,08月31日 14:23  来自 iPhone客户端,"c
彼岸花azure
08月31日 14:23  来自 iPhone客户端
我要做正确的决定 而不是舒服的决定
不上班舒服 那你会切断收入来源辞职吗
体制内清闲舒服 但不适合我
对我而言就是错误的

我没有办法休息很久
我需要工作和双休来保证我的作息吃饭
保证我的大脑是活跃的 我的创作能力是喷涌的
我的腿脚是自由的
保证我的灵气和热情

“太清闲”对我来说就是自掘坟 展开c"
夏日桃乐丝儿,08月31日 13:36  来自 iPhone客户端,"c
夏日桃乐丝儿
08月31日 13:36  来自 iPhone客户端
又要开学了
又要回到早6晚11的疯狂模式，地铁里在补觉，周末在补课
现在中学生很苦，且全家陪着一起吃苦

班里太多体制内家长，狠卷自己也狠卷娃，都像吃了人参打了鸡血
而那些娃从小耳濡目染父母奋斗方式，主动自卷
我再看看我的娃，从小真的是放养型自由生长
成绩没有学霸拔尖，也没那么圆滑世 展开c"
桂蒲-光之疗愈师,08月30日 18:13  来自 璞之花草云iPhone客户端,"c
桂蒲-光之疗愈师
08月30日 18:13  来自 璞之花草云iPhone客户端
🧚‍♀️•~•_🌙🌳
#星星点点的故事系列｜第15集🎈#

差生如何平衡人生呢~🎈
接通生命管道即可咩~🦋 L桂蒲-光之疗愈师的微博视频
播放视频"
木棉葵葵,08月30日 14:57 转赞人数超过400,"c
木棉葵葵
08月30日 14:57 转赞人数超过400
问:我是一名护士，目前在市妇幼保健院上班，平时工作很忙，收入一般，娘家做小生意。婚前爸妈和公婆老催着要孩子，说什么生了一切有他们，等真正怀上了什么都变了。

我公公县体制内，有个一官半职，喜欢在家摆谱。半年前我曾自然流产过，当时在婚房坐小月子。有一天晚上因为在市里买房的事，公公借着 展开c"
赵老师很努力,08月30日 12:12,"c
赵老师很努力
08月30日 12:12
考上异地基层要不要去？前路如何选？

网友来信：

赵老师你好，在你的帮助下我拿下来了资格证，再次感谢你。

我想跟您咨询个问题，我实在是不知道该怎么办了。

我前段时间考了同省异地的事业编单招考试，笔试领先挺大的，我之前考试面试一直是第一，这次上岸的可能性比较大，但是我不知道该怎么选择 展开c"
问猫,08月28日 17:41  来自 Android,"c
问猫
08月28日 17:41  来自 Android
前两天去之前工作的城市开庭，偶然遇见了曾经在一起几天的前男友。虽然我把他当作前男友，但他大概并没对我投入什么感情，更多只是贪图其他方面。我们是在网上认识，后来发展到线下。那时我就觉得他有点抠，一起出去玩，他连饭钱都付不起。他答应过我很多事，但几乎都没做到：比如一起去隔壁市区吃火锅 展开c"
章鱼纹鱼纹,08月28日 13:22  来自 iPhone客户端,"c
章鱼纹鱼纹
08月28日 13:22  来自 iPhone客户端
耗电日记
好久没有和自己聊天了
最近开始大学申请了
一轮一轮的和中介聊 和老师聊
关于大学的方向选择
其实很多人都在问我想做什么
如果回到十年前的我回答这个问题
我可能会坚定的马上回答我想学艺术
可是现在的我似乎早就没有纯粹的勇气了
我清楚的明白
在现实的世界里我早就失去天马行空的想象力与 展开c"
砸贝儿王,08月28日 11:17 转赞人数超过60  来自 iPhone 16 Pro Max,"c
砸贝儿王
08月28日 11:17 转赞人数超过60  来自 iPhone 16 Pro Max
🔊正式通知一下哇：

1. 我会在预产期之前，消化掉现有的所有职业咨询的排队，在生宝宝以后无期限停止咨询。
2. 现在可新预约—O网页链接，时间节点与1一致，均会在预产期之前消化。 但预判容量到顶时，也会提前停止接新预约（预产期1月，最晚我会在12月初基本结束）。
3. 生产前努力完成 展开c"
爱写微博的女人,08月28日 11:08  来自 荣耀400,"c
爱写微博的女人
08月28日 11:08  来自 荣耀400
《倒腾倒腾上班去》
30号开大会，我终于把一个漫长的暑假过成了普通小周末娃在坐摇摇车，我在写微博
是啊，倒腾倒腾要去上班啦上班就是另一种生活，是在职场独当一面的刚强我享受全职妈妈的安宁，也享受职场妈妈带给我乘风破浪打怪升级的充实所以对于复工，我好像没 展开c









播放视频"
赵老师很努力,08月28日 07:07,"c
赵老师很努力
08月28日 07:07
考到了县城体制内事业单位，身体不舒服、恋爱谈不成，不知道该怎么办。

网友来信：

赵老师，最近我有点低迷，想找您来说一说，也希望站在您的角度给我提些建议，占用您宝贵的时间了。

要说低迷其实可以说从前年9月考来这里一直都是一种emo的状态，甚至丧失了对生活的热爱。

我家在河北某地级市里住 展开c"
manly_mandy,08月28日 03:20  来自 荣耀Magic5 Pro,"c
manly_mandy
08月28日 03:20  来自 荣耀Magic5 Pro
办公室里
坐在我对面的体育老师Emma
明天就要离开阿布扎比返回英国了
我和几个朋友相约为她送别

有很多时候
我都意识到
无论我的听力和口语多么好
在跟母语是英语的同事交流的时候
都会有无法表达或者无法理解到位的时候

但是在Emma面前
我可以无所顾忌的讨论工作和生活
遇到的各种问题，压力
她可以 展开c"
消失的格律诗,08月27日 22:15,"c
消失的格律诗
08月27日 22:15
今天写江湖。
有这个想法，其实持续了很长时间，一直无法抽身落笔。
其实，写江湖，就不能只写江湖，是那些人和经历的事情，要有一个人能让我有江湖的感觉，显然我是幸运的。在追名逐利的染缸里，我却偶遇了江湖最纯粹的侠义，更幸运但是直到今天我依然可以用我的方式维护着这些道义。最近又见了他，江 展开c"
西梅鉴茶师,08月27日 18:28,"c
西梅鉴茶师
08月27日 18:28
为什么好多人都在喊体制内的工作很累？
某市直机关，一个周五下午。
我在一把手办公室，一个单位副职领导跑进来，说市里有个极其重要且紧急的任务，下周一就要送检，没做好的话要严肃追责问责，并且全市通报，一把手还要被约谈。
一把手问他打算怎么搞，他说自己也不清楚，手上没什么人能做好。
我站在 展开c"
顺势而为市场经,08月26日 21:35  来自 iPhone客户端,"c
顺势而为市场经
08月26日 21:35  来自 iPhone客户端
工作从来都不是干得最多的人是最好的，会哭的孩子才有奶吃。在哪工作都是这个道理。从另一个层面来讲，你跟你的领导也没有搞好关系，要么考走，要么托关系走人，要么经营关系

1体制内还是不要太能干，干的多的人走不了，升不上去，因为你走了这个位置其他人干不了。2如果是我，我会直接问我的领导。 展开c"
懵懵懂懂夏欧徐,08月26日 13:57  来自 iPhone客户端,"c
懵懵懂懂夏欧徐
08月26日 13:57  来自 iPhone客户端
小时候我爸希望我长大考进体制内 找个体制内老公 两个人生一个孩子 吃完晚饭一起手牵手散步 那个时候听见这个规划我是排斥的 我不喜欢这样的生活 所以从没往那方面努力过 也许我骨子里喜欢做充满挑战的事 但我现在大概知道了那样平淡生活的含金量 我也依旧不向往 一成不变的生活对我而言是痛苦的 我喜 展开c"
好能成真,08月26日 12:31  来自 OPPO K7x,"c
好能成真
08月26日 12:31  来自 OPPO K7x
湖边碎语

我在北湖南岸的口袋公园，锻炼身体的时候结识了一位老人。

闲聊中得知，老人姓杨，已经84岁了，从泉林纸厂退休，退休金5000左右。他说年轻时的时候就认识到：庄稼孙，庄稼孙，72孙，庄稼是第一孙。因此，他萌发了一个心愿，不让自己的子孙后代土里刨食。

今年春节团圆饭上，小儿子夸奖他实 展开c"
方汐命理,08月25日 19:15,"c
方汐命理
08月25日 19:15
#赌场人多少人家破人亡#
说两件真实的故事，一位是我的一位客户，一位是我认识的一位前同事。

先说我的客户，女性，和我同龄，现在已经家破人亡了！她很爱她的前夫，她前夫在他们当地是小混混，正事不干，吃喝嫖赌啥都会，当初她恋爱脑，认为只要结婚了就能改变她。婚后生育了一个儿子，女的家里条件 展开c"
Ssmwqfg唏哩呼噜,08月25日 15:22  来自 Xiaomi 15,"c
Ssmwqfg唏哩呼噜
08月25日 15:22  来自 Xiaomi 15
我喜欢发朋友圈，从朋友圈就可以知道我的各种动向
你不喜欢发朋友圈，微博都是营业互关，也说不是你的本意
那没有回我的时候你在干什么呢
时间长了我也有点不想知道了
。
压力好大。身边都是妈感爹感重的体制内人群
好像大家都很厉害，也不会去内耗
每次都让我在动和不动之间反复横跳
容貌焦虑是无穷无 展开c"
此心皎如月,08月25日 10:42  来自 微博网页版,"c
此心皎如月
08月25日 10:42  来自 微博网页版
昨晚没有赴约，闺蜜今早有意见了。她说我扔下她不管，她一年一次的生日我也能失约，不配做她的闺蜜了。我知道她说的是气话。也由于自己做贼心虚，只能一个劲的解释说实在是赶不回来。

三个闺蜜里，属我最自由，所以平时她俩说想聚的时候，只要我在县城，都必到达。仨里边我的随从性也是最高的，因为吃 展开c"
社畜茶水间,08月25日 01:45 转赞人数超过90  来自 微博轻享版,"c
社畜茶水间
08月25日 01:45 转赞人数超过90  来自 微博轻享版
投稿：
茶茶好，给大家递幽兰拿铁。现在处于一种迷茫与焦虑的状态，犹豫了很久忍不住来吐一吐苦水，也想听听大家的建议。

本人情况：双非一本，21届毕业，工科专业，学校在我毕业后才升为“双一流”，应届时也没吃上红利。由于不喜欢也没学好本专业内容，所以并没有考虑过读研或者找专业对口的工作。 展开c"
创版温妮,08月24日 20:52  来自 iPhone 14 Pro,"c
创版温妮
08月24日 20:52  来自 iPhone 14 Pro
《我的现老板阿斗》
第一篇段子 开始直接创飞我老板 我是设计师哈 先介绍一下自己和我老板 我是一个00后的平面设计师 这是我人生中的第二个老板 从上家公司离职遇到了这个
“二愣头-波士顿大学-海归-金融专业毕业国企离职刚结婚刚生完娃结果开了家广告公司的一个毫无经验甚至对活动宣传一窍不通的96年 展开c"
茉莉雨丨,08月24日 10:38  来自 HUAWEI Mate 70 Pro,"c
茉莉雨丨
08月24日 10:38  来自 HUAWEI Mate 70 Pro
这两天有点累，当然未来的一周肉眼可见地会更累。当把一年半没工作养出来的松弛感拿来应付生活，会发现其实两个月的奔波就可以磨灭掉所有。
原来养好一个人，是比吃饱更难的事。
大夫得知次日转运病人的行程，和我说你下了班也过来吧，我们去约会。于是尽管大夫在满是顾客排队的餐厅苦坐一个半小时，而 展开c"
蛇尼11,08月24日 03:13  来自 iPhone客户端,"c
蛇尼11
08月24日 03:13  来自 iPhone客户端
我跟他认识的时候是在夜场，一开始我们跟暧昧的聊天 我不确定他对我是玩玩还是喜欢 但是我还挺喜欢他的，我把我的追求者都拒绝掉之后，后面我们有一天没有联系了，然后他的朋友见到我跟我聊天说谁都会介意自己的女朋友做这个，我笑了笑说这个我知道，所以我们没有在一起他有别的选择我也祝他幸福，后来 展开c"
西梅鉴茶师,08月23日 11:04,"c
西梅鉴茶师
08月23日 11:04
体制内上班的真实感受是什么？
公办学校在编教师应该半个体制内吧。工作一年，被同组老师各种欺负。
我和她都是公立学校的在编教师，教副科。她（27岁）是非科班出身的，但是有4年工作经验。我是科班出身的，应届生（24岁）。每次领导表扬我，或者我拿奖了，她就去年级主任或者其他老师那里告状，第二 展开c"
丶独留敷衍,08月21日 23:43  来自 微博轻享版,"c
丶独留敷衍
08月21日 23:43  来自 微博轻享版
前两天广州市城市建设事务中心打了个电话过来，就去年7月广花路交通改造引发拥堵这事，想拉我线下或者线上聊一聊，我拒绝了。

主要是没时间，而且现在我也不想跟他们浪费时间和精力了。实在不行再投复查呗，现在问题都提得差不多了，整理材料再到提交也花不了多少时间，这样还比较省时间和精力。毕竟 展开c"
西梅鉴茶师,08月20日 12:55,"c
西梅鉴茶师
08月20日 12:55
女生，公务员，喜欢上一个辅警，怎么办？
我不喷你，因为我是真的实践了的人。
刚认识的时候，我本科刚毕业，我老公中专还中途辍学。我在明亮的办公室做管培生*，他在嘈杂的车间做最普通的普工。
喜欢他是因为觉得他洒脱，有棱角，长得高长得帅。不像我，从小在家里乖乖女式的长大，读书十几年，被训练 展开c"
为好优姐姐,08月20日 11:11  来自 为好优求职超话,"c
为好优姐姐
08月20日 11:11  来自 为好优求职超话
收入案例：有些能源类国企，待遇真好呀！
所以我也再次理解，为什么有人疯了一样的追求体制内。
比如我在个案中，遇到一位同学，普通学历，几分运气+专业对口，进入一家能源类国企，属于大国企下属的子企业，领导的来头很大，属于大国企当权者退居二线的。这就是有江湖地位的国企。
工作5年，这位同学 展开c"
赵老师很努力,08月20日 11:11,"c
赵老师很努力
08月20日 11:11
从一线城市的市场里考到体制内的县城，看到年轻人继续备考，自己也想考。

网友来信：

赵老师您好，看您为很多“迷茫者”指明了方向，期待您百忙之中也能帮我指点迷津，万分感谢！

我先介绍下自己的情况：我现在是县检察院的省聘书记员，今年年初刚通过递补入职。此前我在法院工作，一开始是临时工 展开c"
沒有魔法沒有魔法aa,08月19日 10:14  来自 iPhone 15 Pro Max,"c
沒有魔法沒有魔法aa
08月19日 10:14  来自 iPhone 15 Pro Max
生活进体制内后 一直都是平行线 虽然深爱山东 可我什么都没有 好想要一辆帕萨特啊 但我在经十路酒钱都付不起 每晚吃着把子肉达到顶点 把大葱当作玩具 这样我就能幻想黄渤倒映在我的肺上了 最近在芙蓉街抓酒驾 局里的公务员换了一批又一批 还是老师麻烦给个好评吧 政务服务办公室的大肚子男人最讨厌了"
出租车司机呀,08月19日 02:38  来自 iPhone客户端,"c
出租车司机呀
08月19日 02:38  来自 iPhone客户端
离职刚好一个月了。焦虑和内耗比我想象中来得更快一点，esfp锤子姐本姐真的是一个情绪价值需求巨大的人格类型。刚离职那周在自己的出租屋里舒舒服服的躺了几天，第二周周末就去了贵州漂流，然后练科二合场考试，考完当天就去云南玩几天。本来预计去云南之后就直接去广州找周哈儿耍，结果那边热爆炸了， 展开c"
男朋友不能太丑,08月18日 07:27  来自 Xiaomi 12X,"c
男朋友不能太丑
08月18日 07:27  来自 Xiaomi 12X
#生活手记# 昨天跟对象聊完天，今天早上脑子开始清醒，我一直在回避聊有关未来，有关结婚的话题。因为从我们的一开始，我就没想过我会嫁给他
1.他在私人企业工作，我们认识不久他刚换工作，他自己也说过，他工作不算稳定，我在体制内稳定工作；
2.他和父母一起住，他不止一次表示过，他普通家庭，不想 展开c"
星辰师傅,08月17日 22:54,"c
星辰师傅
08月17日 22:54
我生于1999年11月12号凌晨3点，来自一个宁静的小县城。凭借不懈的努力，我考上了一所还不错的大学。毕业后，我毅然前往沿海大城市闯荡，在那里经历了职场的起起落落，积累了一定的工作经验。目前，我在一家民营企业有一份相对稳定的工作，但收入只能勉强维持生活。

在成长的道路上，我时而豪情满怀， 展开c"
zhtttyzhttty,08月17日 19:13  来自 微博网页版,"c
zhtttyzhttty
08月17日 19:13  来自 微博网页版
不知道我在微博上说过没有，反正这是我身边发生的，而且亲眼看到过的几个事情。

其中一个，是我小时候，八几年到九零年间，住大杂院时的一个老人的故事。

这个老人我现在记忆不深了，但是还记得，很喜欢小孩子，具体的表现是喜欢给小孩子糖果，不多，但是很慈祥，据我妈说，在我还不会走路时，因为我 展开c"
用户6705914920,08月17日 17:47  来自 nova8 我由我掌镜,"c
用户6705914920
08月17日 17:47  来自 nova8 我由我掌镜
#热点爆料马上爆料# 9.23 复制打开抖音，看看【張氏探探案的作品】宜宾市江安县委原书记张明明 # 忏悔录 # 反腐倡... O网页链接 11/02 Y@Z.mq sEH:/ 本人张瑞，现实名举报唐浪生以案谋私，滥用手中权力、徇私枉法、充当保护伞、恶意报复本人。叙州区纪委监委张贵等人非法羁押、刑讯逼供、捏 展开c
播放视频"
西梅鉴茶师,08月17日 13:44,"c
西梅鉴茶师
08月17日 13:44
大家对女领导有什么看法？
去年大病，几次死里逃生后，体力无法扛起夜夜抢救的大夜班了。跟直属领导商量，想转去其他能不用上夜班岗位养养身体。
在院领导们的协调下，把我调岗至医院病案室。
病案室主任（老年女性领导）见我第一面就说，我之前并不认识你，你可以在这里暂待1月，但是不许留在此科室。 展开c"
宠粉大王苏阳阳_哈佛博后,08月17日 12:28 转赞人数超过500,"c
宠粉大王苏阳阳_哈佛博后
08月17日 12:28 转赞人数超过500
#苏阳阳##遇见艺术##寻美中国#
今天见了六批人
其中一个是阳钻，拍合影了（但不能发公开网络，他不想他的脸被那么多人看到哈哈）另一个2009年的前同事变成的好朋友，现在是资深大律师，她说我那么多年性格一点没变，依然像个小朋友，于是我就给他看了我在机场看到国旗就合拍的照片，两个小辫子，私底 展开c"
皇家TROY-TANG,08月17日 09:21  来自 Redmi K70 至尊版,"c
皇家TROY-TANG
08月17日 09:21  来自 Redmi K70 至尊版
趁老婆娃去逛故宫，我去了趟老东家单位万寿宾馆。2008年底，刚大学毕业没多久的我想在北京闯荡，但那年我的专业就业环境不好，就先找了份万寿宾馆的工作，挣了人生第一份工资，也挣了第一份工作经验。这对我以后工作影响很大，现在我在体制内当名文职人员但始终难忘当初的经历。
一出站感觉仿佛 展开c"
吴醒峰,08月16日 20:53  来自 微博视频号,"c
吴醒峰
08月16日 20:53  来自 微博视频号
#大学专业# #留学# #职业规划# #升学规划# #留学规划# L吴醒峰的微博视频
播放视频"
康波上的摆渡人,08月16日 17:05  来自 微博网页版,"c
康波上的摆渡人
08月16日 17:05  来自 微博网页版
体制内在编5年辞职的真实原因！#我的幽默灵感片场# L没空摸鱼的微博视频 （@没空摸鱼）
播放视频"
素朴虚静,08月16日 08:33,"c
素朴虚静
08月16日 08:33
人的才是有定数的，现在公务员可以做自媒体，挺利好他们的。因为做自媒体你要赚钱，一定要有厉害的官杀，比劫也要给力。以前我在体制单位给领导们写稿子，然后领导们的稿费稿费还非常之高，但是我一分钱都没有，只能领工资。而且发稿费还故意以现金的形式发放，让我去发，我当时真的好烦啊，这简直是刺 展开c"
龙凤镶,08月15日 09:02 转赞人数超过100  来自 微博网页版,"c
龙凤镶
08月15日 09:02 转赞人数超过100  来自 微博网页版
#命运#

山遥遥，水迢迢，山水叠成相思谣，青山黛色憔……

近期看了几部电影，印象最深刻的有两部：《浪浪山小妖怪》以及《聊斋兰若寺》，也应了我在年初，乙巳年运综述中曾经提及：今年国产动漫，会呈现一个蓬勃之势……

这两部电影，都很值得结合命理做一些分享，两部电影，都让我在影院哭成狗， 展开c"
PITD亚洲虐待博士组织,08月14日 22:49 转赞人数超过700  来自 pitd树洞超话,"c
PITD亚洲虐待博士组织
08月14日 22:49 转赞人数超过700  来自 pitd树洞超话
pitd树洞超话

虐虐好！我又来了！可以请大家帮忙出出主意吗？

我是一个二本文科生。毕业后也找过几份工作，可是因为我以前讨人嫌，也因为我好欺负，那些工作没做多久就被欺负回来了。
我个子矮，娃娃脸长相，还很土，看起来就很好欺负。我皮肤不好，高中时候都不知道要用洗面奶，大学时候开始用 展开c"
求一道情绪稳定符,08月14日 20:23  来自 OPPO Find X6,"c
求一道情绪稳定符
08月14日 20:23  来自 OPPO Find X6
状态好转的时候我才打得出前面那么多字。
大多时候的脑子状态不要说写事情了，看别人发的我都看不明白。

其实我很爱写生活中遇到的各种人事，舒服的状态下打字和组织语言也很快，连回头通读检查都是爱干的事儿。

但是生完孩子➕工作期间阳过以后，生理机能我都不能用断崖下跌来形容，我像跳过海了， 展开c"
i_垦麦尼芝,08月14日 17:16  来自 OPPO Reno13 Pro,"c
i_垦麦尼芝
08月14日 17:16  来自 OPPO Reno13 Pro
结束了这段枯燥实习的感觉真好，感觉整个人都自由了，在抛出硬币的那一刻你心中已经有了答案
这里坐班的悠闲并不会带来多大的快乐，更别谈成就和价值感，姐姐说，这里最重要的是“服从和听话”，领导让你干啥你就干啥，有异议也没用，我说那是不是当上领导后就可以运筹帷幄了，她说，领导头上还有领导 展开c"
嘉陵江Ovo,08月14日 13:13  来自 iPhone 15,"c
嘉陵江Ovo
08月14日 13:13  来自 iPhone 15
这其实算是我在新疆学到的 曾经的时候我还以为只要有能力就可以得到认可 就可以得到很多优待
于是我每天拿着塑料袋上班。。。在体制内还坚持漂头发 。。。但实际上因为这些我不注重细节的事情变得越来越越来越被领导不信任 甚至针对
直到很长时间后他才看到我的能力 并且接受我鼓励我
假设一开始我营 展开c"
哲远优思,08月14日 08:23 转赞人数超过40  来自 微博视频号,"c
哲远优思
08月14日 08:23 转赞人数超过40  来自 微博视频号
从体制内辞职一年，我的生活发生了这些变化

一年前，我做了一个在旁人看来十分大胆的决定——辞去体制内的工作。在那个熟悉的环境里，工作稳定，福利优厚，是许多人眼中的“铁饭碗”。但我内心深处，却总觉得生活缺了些什么，日复一日按部就班的日子，消磨着我的热情，我渴望改变，渴望去拥抱更广阔 展开c




















播放视频"
夺笋喵喵,08月13日 21:21  来自 Xiaomi 15,"c
夺笋喵喵
08月13日 21:21  来自 Xiaomi 15
我完全不能接受我的主播和我在一起讨论东北体制内工资和工资强度的事 离我的生活远一点 还清晰的知道大众认知和小众故事 不许在说话了我有点ptsd"
Ashley-1127,08月13日 02:09  来自 毛不易超话,"c
Ashley-1127
08月13日 02:09  来自 毛不易超话
我的“冒险精神”合集（拼图版）
⛰️故事的开始源于去年备考中突然响起的《一程山路》，并不是第一次听，但那一次莫名其妙地哭了，就这样这首歌支撑了我一天又一天。从未看过演唱会的我萌生了想现场听一听陪伴我一年的歌，见一见在耳机里陪我一年的人的念头。
🌪0412→0413天津
突如其来的大风，让 展开c"
笑忘书-2000,08月13日 00:16  来自 HUAWEI Pura 70 Pro,"c
笑忘书-2000
08月13日 00:16  来自 HUAWEI Pura 70 Pro
闲来无事发一篇旧文。

这是几年前写罢放在草稿箱里一直没发出去的，写成时间是在2019年的春节之后，起因是马其顿把自己国家的名字给改了。之前在马其顿的旅行细节，现在已经不太记得。这里把此文发出来，给自己一个交代，纪念2018年八九月间那次难忘的巴尔干之行。

那次到马其顿之后不到半年，这个国 展开c"
珍珠奶绿哦,08月12日 05:40  来自 iPhone客户端,"c
珍珠奶绿哦
08月12日 05:40  来自 iPhone客户端
看新闻就有人总是问我外国那么不好为什么不回国
：我要怎么说呢 因为我不合群 因为我格格不入
我的第一份工作月薪到手三万 上四休三 我还是很难彻底的去放松 因为我感觉我身边的人总有一个非常类似的生活脚本 24 25岁找对象 26 27岁买房买车然后结婚紧接着生孩子 每一个人这个年纪都在聊一样的话题做 展开c"
今天好像睡不着了,08月11日 10:18  来自 iPhone客户端,"c
今天好像睡不着了
08月11日 10:18  来自 iPhone客户端
干一会活 剪一下视频
又刷刷知乎

看到一个关于大学退学的问答
大约是一位父母在问 自己的孩子从学校退学了就回家呆着 什么都不想做 怎么办

这事我有经验…毕竟我经历过两回.

前两年我也是在家呆着 什么事也不想做
回顾我的前半生 大部分时间都在教育和家庭的体制内生活…
这的确是件很耗费生命力的 展开c"
闪耀迷人的涂山欣欣,08月10日 22:07  来自 OPPO Find N3 Flip,"c
闪耀迷人的涂山欣欣
08月10日 22:07  来自 OPPO Find N3 Flip
在聊天 然后就聊哭了 回想起年初的种种 然后两个人都很感慨
属于他的至暗时刻 我的痛苦经历
现在回首 虽然没有轻舟已过万重山的轻松 但是已经游离漩涡中心了

我在备考 他在工作
虽然我没那么想走这条路 但是从考试上就觉得 我能考好 因为八字里写着（虽然觉得八字不太准了）所以总觉得适合•ᴗ 展开c"
散修ZKH,08月10日 21:38  来自 Android,"c
散修ZKH
08月10日 21:38  来自 Android
对于社保这种跟自身切身利益如此相关的事，讨论也都是流于情绪化，竟然很少看到关于如何使社保更公平和可持续的看法
而且，大部分人完全搞不清楚社保的构成和相关机制

我在某博主下面留了几句话，就引来几只苍蝇在哪里嚷嚷：那你干嘛不去体制内？干嘛不去外企，是因为不招人吗？
完全不看你写的啥，反 展开c"
用户6705914920,08月09日 08:19  来自 打虎拍蝇进行时超话,"c
用户6705914920
08月09日 08:19  来自 打虎拍蝇进行时超话
打虎拍蝇进行时超话 9.23 复制打开抖音，看看【張氏探探案的作品】宜宾市江安县委原书记张明明 # 忏悔录 # 反腐倡... O网页链接 11/02 Y@Z.mq sEH:/ 本人张瑞，现实名举报唐浪生以案谋私，滥用手中权力、徇私枉法、充当保护伞、恶意报复本人。叙州区纪委监委张贵等人非法羁押、刑讯逼 展开c
播放视频"
赵老师很努力,08月08日 08:08,"c
赵老师很努力
08月08日 08:08
逃避不是婚姻和育儿的良药，变强才是。

网友来信：

您好，赵老师：

思虑良久，还是想听听您的建议。两年前就曾咨询过您，当时您说无论是选择江西还是老家，都可能会后悔。没想到现在竟然真的应验了，甚至情况更糟糕。

现在我的问题还是之前的那个——不知道应该选择在哪里生活和发展。

先和您说说 展开c"
糖味小烊,08月07日 20:12  来自 陈博士的日常超话,"c
糖味小烊
08月07日 20:12  来自 陈博士的日常超话
陈博士的日常超话 今天很顺 就是完全没有什么计划的到处走 但是我没走过回头路 就是想去的地方是一整条线 也没怎么迷路
今天化妆也很顺 化的我也很满意 连我每次都要改的眼线 我今天一笔都没改
买到了我想吃的所有东西 还在玄武湖逛了一个半小时 想坐下来就坐下来 想喝一杯茶颜就喝
南京我觉 展开c"
说给美少女的洞爷,08月07日 16:39 转赞人数超过100  来自 投稿请私軐Android,"c
说给美少女的洞爷
08月07日 16:39 转赞人数超过100  来自 投稿请私軐Android
【投稿】怀疑我自己心理状态出了问题，今天再次和我妈爆发了很激烈的争吵，起因却是很小的一件事情：我妹大一暑假回来一直在兼职，昨天我和朋友出去玩回来，我妹兼职完回家已经洗完澡了准备吹头，我就直接进了浴室跟我妹说等她吹完头发帮我把床上的睡衣递给我。我妈听到了很不开心，说你妹妹回家到现在 展开c"
我本位御姐,08月07日 16:15  来自 iPhone 15,"c
我本位御姐
08月07日 16:15  来自 iPhone 15
对我这六年来(在御姐这个IP)自媒体生涯的总结——及对我未来的期许与展望

即——我的自媒体班正式招生中

一、回首过去，展望未来

本有千言万语想写，然话到嘴边，便凝结成最简短的文字吧。

1、过去六年，我是学生，是观察者、记录者，我是没有任何技巧地，一直原生态地在“一力降十会”、“乱拳打 展开c"
andante-affettuoso-Dmajor,08月06日 05:22  来自 微博网页版,"c
andante-affettuoso-Dmajor
08月06日 05:22  来自 微博网页版
刷微博看到，一个以前关注过的博主，讲了女儿离家租房、开始独立生活这一段时期，自己的心路起伏的事。
我还记得很早很早以前，她讲女儿还很小可能是小学低年级时缠着她说话聊天的事。我记得她当时讲，她自己心里在想，啊你知道我的时间值多少钱吗。billable hours，这个词我也是后来才知道。
我记得我 展开c"
小园325,08月05日 11:52  来自 OPPO Find X7,"c
小园325
08月05日 11:52  来自 OPPO Find X7
小学的我，大概一二年级还处于大道遨游的精神虚空里。课余时间远离喧闹的学生，独自来到学校后面绕着空无一人的沙坑一遍遍遨游在精神的天空之城，上演想象中男女之情的甜蜜与悸动，为此错过了上课时间，等到从天马行空的想象里拉回现实，仿佛意识到什么，像个做错事的孩子，悄悄走到了班级附近，里面老 展开c"
美萌栀,08月04日 23:24,"c
美萌栀
08月04日 23:24
姐妹们你们会和男朋友一起出资买婚房吗？

我们家这边以及我朋友基本都是男方和男方父母出首付，夫妻俩一起月供。
最近聊到这个话题，男朋友表示不会要父母出资买房和出彩礼，他父母也没有什么能力。他爸妈据我了解还在还家里的房贷，两位老人家都有自己的工作但不是体制内，月入1w左右吧，在老家两套 展开c"
沈小汕WIn,08月04日 12:32  来自 荣耀Magic V3,"c
沈小汕WIn
08月04日 12:32  来自 荣耀Magic V3
从三个方面来说一下这一行的感受吧。
第一呢，很明显的感受到北方和南方家庭观念和理念的区别，我不能说谁更好谁更不好，只能说我的家庭给了我良好的三观和谦逊的性格，我爱人的父母给到的更多的是自由和自我决定。我们的家庭教育变己的走向就像她是冲锋的快艇，我是后方的核潜艇，她自由又敢干，我传 展开c"
浅浅的分享下,08月03日 19:09  来自 微博网页版,"c
浅浅的分享下
08月03日 19:09  来自 微博网页版
公务员入职2个月了，上班没人找没事干

我男朋友，他正过着我梦想中的生活，入职到现在已经一年，被分在业务科室，但他们办公室工位满了，他和另外一个小伙子的工位就在文档室，两人一间。

我男朋友说，每天的状态就是摸鱼、吃饭、摸鱼、吃饭，加上离科长办公室有段距离，每天开空调又关着门，领导好 展开c"
秦书宝不夜汪,08月03日 15:19 转赞人数超过100  来自 微博网页版,"c
秦书宝不夜汪
08月03日 15:19 转赞人数超过100  来自 微博网页版
我的认知，大约比现实时间点要早个5年左右（大概是3~8年）。

这不是自吹，因为我觉得这并不是一件好事。

比如疫情的时候，比如之前说所有男/女性都是……的时候。

结论看似是正确的，但因为过早公开说出来，既没起到太多正面的效果，也没有帮助自己更好地面对现实世界。

这次又是同样的情况，时间 展开c"
禾苗的漂流瓶,08月03日 15:13  来自 微博网页版,"c
禾苗的漂流瓶
08月03日 15:13  来自 微博网页版
高考后，一向恋家的我选了离家两千公里的大学。
爸妈愤怒咆哮，「就因为一个房间？」
对。
作为一个家境小康的独生女，家里三套房。
而我长到十八岁都不能拥有自己独立的房间。
1
十八岁生日宴上，我当着全部亲朋好友大声许愿。
「我想拥有一个自己的小房间。」
场内 展开c"
说给电竞美少女们,08月03日 10:47 转赞人数超过300,"c
说给电竞美少女们
08月03日 10:47 转赞人数超过300
投：【游戏无关】跟男朋友在一起快一年了 准备谈婚论嫁被他家里强烈反对

我比他大6岁 三线省会国企牛马 名下三套房 父母经商分店若干
他家广东县城 自建房 父亲体制内 母亲医院（存疑）
有个小两岁弟弟 家中无其他房产 存款不详

他家反对的原因是我有甲癌 认定我不能生育甚至可能活不久

年初因 展开c"
王明媚Sining,08月03日 01:06  来自 iPhone客户端,"c
王明媚Sining
08月03日 01:06  来自 iPhone客户端
又到了夜深人静睡不着觉复盘的时候啦！
今天来复盘下2023.7-2025.7的故事。
2023.07，刚到新公司一个月，我很喜欢这里，同事关系和谐，小伙伴互帮互助，即使工作很难，但是我每天都很开心。
2023.08，工作，加班，学习中级。
2023.09，工作，加班，学习中级，抽空去了趟万寿寺，我许愿想找个男朋友。
2 展开c"
李美及,08月02日 21:02  来自 iPhone客户端,"c
李美及
08月02日 21:02  来自 iPhone客户端
#牛马打工人的自我修养#
说一个我作为顶级牛马的自我修养：有次我在电话里被客户骂得祖坟冒青烟，是真的骂我祖宗十八代了，第二天我依然去客户办公室谈笑风生，一点事情也没有。不是因为其他的，是看中对方给我付200w。

这是得益于我在创业之前，在大集团国企呆过，深谙体制内处理复杂的人际关系，我 展开c"
许川,08月02日 20:56 转赞人数超过70  来自 微博网页版,"c
许川
08月02日 20:56 转赞人数超过70  来自 微博网页版
结婚30多年，孩子也26了，他为了外面的女人要跟我离婚！

“结婚后，我支持他的硕士博士，后来他当上了博导教授，我就辞了体制内的工作全心照顾家庭。直到前年，他突然给我甩离婚协议，搬到外面去住了，我才发现他跟自己带的研究生好上了！我一跟他吵架，他就喊着离婚，要去起诉离婚，我把他们的料推荐 展开c"
苹果鸡腿大王,07月31日 08:50 转赞人数超过100,"c
苹果鸡腿大王
07月31日 08:50 转赞人数超过100
此事居然还有后续！
之前我们绿老头美术妹妹管我叫主人我还是有点那个啥的，呃可能是新奇，总之人生第一次被别人当面叫主人，结果后面发现她管谁都叫主人！但凡有工作交接的她起手就是主人或者老大，这个称呼，已经被滥用了！！！
然后跟她对接最多的另一个美术小护士妹妹和交互瓶子姐也开始跟她一起主 展开c"
棒槌指路牌,07月30日 19:00  来自 紫微斗数超话,"c
棒槌指路牌
07月30日 19:00  来自 紫微斗数超话
紫微斗数超话
今天我们来讲【田宅宫化禄入父母宫】

汇总请看：微博正文

当田宅宫天干以《天干四化表》为基础，
进行飞宫四化，
田宅宫宫干的禄权科忌能量会飞到别的宫位，
（或者自己宫位，叫自化）
而天干四化表里相应的星曜中，
化禄的星如果恰好在父母宫，
那么就是【田宅宫化禄 展开c"
金华磊哥,07月29日 18:43  来自 微博bb机,"c
金华磊哥
07月29日 18:43  来自 微博bb机
#27岁存款30万从体制内辞职了#27岁女孩从国企辞职，毅然决然返乡的原因不止是为了创业，其实更多的是，为了治愈自己。

记得前几天才看到一个央视主持人离开央视后后悔，还确诊了抑郁症，建议一些冲动的年轻人看看。#中长视频流量扶持计划##热点解读# L金华磊哥的微博视频
播放视频"
叶圆圆噢,07月29日 18:43  来自 vivo X200 Pro,"c
叶圆圆噢
07月29日 18:43  来自 vivo X200 Pro
理财小白入门必看的2本书！

俗话说得好：你不理财，财不理你。我在大学最有收获的事情之一，就是在大三开始学习理财实践。理财让我对钱更敏感，不再贪念一时快感，做事情更有规划性和耐性，也让我学会了自我提升。那有哪些适合小白入门的理财书籍呢？

1⃣️《财务自由之路》
作者在26岁时遭遇财务危 展开c"
俏俏koala,07月29日 16:27  来自 小米手机,"c
俏俏koala
07月29日 16:27  来自 小米手机
下午3点，在鲍师傅买了4个肉松小贝。

然后回家，上厕所，再把霍香正气水和驱风油放行李箱。
一不留神，又收拾了好多东西！

下午3点半，打滴滴，司机是一个家在羊角石曹的靓仔小哥哥。咁靓仔的小哥哥，当然是已婚人士啦！
我爸逢人就说：“小哥哥是本地人啊！帮我阿 展开c"
美美小兔子,07月29日 14:51 转赞人数超过60  来自 iPhone 16 Pro Max,"c
美美小兔子
07月29日 14:51 转赞人数超过60  来自 iPhone 16 Pro Max
#兔总的职场和教育分享#

【图1题主】
兔总、汪总您好！想咨询一下，国内近两年医学报考志愿有点遇冷，我儿子今年被复旦大学临床医学五年制录取了，将来临床医生的发展趋势会怎样？香港这边临床医生的就业前景如何？

🐯
香港医生收入不错。内地读医要读到博士才能找到不错医院，这个5年制的项目以 展开c"
紫色月亮溺于水,07月29日 12:41  来自 Xiaomi 13,"c
紫色月亮溺于水
07月29日 12:41  来自 Xiaomi 13
坐在离开大连的车站，我才后知后觉梦该醒了，我应该写下些什么
尤其说是梦醒了，我好像没有做梦，我一直在焦虑，错票到底能不能进，我要不要租相机，租什么型号，支架到底怎么藏……我不敢有期待，我害怕未知害怕意外，于是通常选择降低期待好让自己不那么失望。当我刷脸扫出小票的那一刻我才开始有实 展开c"
紫去独闲,07月28日 16:59 转赞人数超过3000  来自 iPhone 16 Pro Max,"c
紫去独闲
07月28日 16:59 转赞人数超过3000  来自 iPhone 16 Pro Max
【紫，来投稿求助了！！！想问问姐妹们该不该体制内裸辞。
工作是真的不想干了，但又怕裸辞后找不到工作。

个人情况，34岁单身未婚，双非本，985硕，信息与通信工程专业，以后也不考虑结婚生子。

毕业后就考到青岛体制内工作，从行政转到技术岗。这个岗位没什么技术含量，工作很枯燥，充斥大量的重复 展开c"
谭恋爱同学,07月28日 16:50 转赞人数超过30  来自 iPhone 16 Pro,"c
谭恋爱同学
07月28日 16:50 转赞人数超过30  来自 iPhone 16 Pro
恋爱，关注你好久了，家庭琐事在现实中真是无法向任何人提及，想听听你的意见。
我跟我老公是想亲认识之后半年就结婚了，婚后公婆双双病倒，我陪老公一起辗转青岛天津北京给公婆治病。老公家条件不错，我们只出力，钱上没有为难过。公婆出院后，我跟老公一起搬去与公婆同住方便照顾，住一起后我才慢慢 展开c"
我是一朵云啊云,07月28日 08:57  来自 荣耀50 5G,"c
我是一朵云啊云
07月28日 08:57  来自 荣耀50 5G
我就在刚刚开通了一家淘宝app上的店铺，然后我发现淘宝app给这方面的新手卖家的补贴真的很高。好像真的就是在全面的希望从零开始扶植幼苗的感觉 忍不住让我想到了在我那个在我初中时期，乐姐似乎也提出过，那个概念叫做淘宝开店似乎是说要出售那种文具品类什么的。现在想想文具品类确实是有需求的，它 展开c"
不普通彩虹小马,07月28日 07:42 转赞人数超过30  来自 HUAWEI Pura 70,"c
不普通彩虹小马
07月28日 07:42 转赞人数超过30  来自 HUAWEI Pura 70
还没有收到摄影师的返图以及摄像师的摄影，但是在翻看朋友发来的花絮时思绪万千。婚礼当天因为太忙忽视了非常多小细节。在回头翻看的时候才发现朋友们对我有多用心。

回到北京开始看朋友们给我的礼物和手写信，感觉自己一直被很好的爱着，真的是一个很幸运且幸福的人。

再来回顾一下婚礼当天吧，希望 展开c"
谁吃茶叶蛋,07月28日 03:53  来自 iPhone客户端,"c
谁吃茶叶蛋
07月28日 03:53  来自 iPhone客户端
还有三天就要回济南了 去见一下好久不见的朋友
今天还有在相亲相爱一家人的群里喊大家一起在济南吃个饭 可是大家确实都很忙呢 两个体制内的朋友 一个单休要调休看情况 一个准备入职要看房子 我们三个读书的只有一个还在济南 另外一个在苏州的最近也有很忙 还有一个在杭州某所忙着中审 不过大家都有自 展开c"
风水---,07月27日 23:38  来自 iPhone客户端,"c
风水---
07月27日 23:38  来自 iPhone客户端
各地易友、新老客户、达官显贵、工农商股、以及亲朋乡邻们！
自今天起，任何在线咨询不再先发文后收费，必须先付费后谈事，第一次交往的除外；所有预约现场勘察者，一律先定价后工作，拒绝砍价或变更承诺、谋图省钱的思想。
一部分体制内权势者，请收起您那就应该为您服务帮忙的心思吧！还有所谓的熟人 展开c"
木棉葵葵,07月27日 08:57 转赞人数超过200,"c
木棉葵葵
07月27日 08:57 转赞人数超过200
问：因为婆婆的关系夫妻关系变得很差，我该怎么办？一开始和婆婆关系挺好的，生完孩子就变差了。比如我剖腹产后斯哈斯哈的喘气，我婆婆对我说，行了别喘了吹着孩子了，我心里不舒服但啥也没说。

比如周末一休息，我下班进门她马上出门回家，我寒暑假还没开始，她已经开始打听我几号放假，我妈妈几号放 展开c"
追剧小馆,07月26日 01:08 转赞人数超过2万,"c
追剧小馆
07月26日 01:08 转赞人数超过2万
我们为什么要看数据，因为数据能反应真实，而不是“我在看所以这剧爆了”。来，让我们看一下这部超越《人世间》的#朝雪录# 也就是造假录除了热度以外360°数据，如果看完你还觉得没问题，那我没话可说了。
越是寒冬还越是造假，就真的是不需要观众闭环自嗨呗。自己把自己公信力作没了。当然，这也不会是 展开c"
DrRuiDy,07月25日 20:24  来自 iPhone 12 Pro Max,"c
DrRuiDy
07月25日 20:24  来自 iPhone 12 Pro Max
我觉得自己在商科phd尤其是金融phd就业状况这方面还是蛮有经验的。我自己是7月正式拿到了phd毕业证🎓。但是在五月左右就已经找到了国内某经管类高校的教职🧑‍🏫。很多人担忧海外phd的就业现状。别的专业我不好说什么，但是商科尤其是金融类的phd我还是可以分享一些干货

首先这个问题要分两个 展开c"
郭延娇的微博,07月25日 16:23  来自 微博网页版,"c
郭延娇的微博
07月25日 16:23  来自 微博网页版
从校园到婚纱，从洁白少年到屡次出轨，这些年都是假的吗？（投稿）
我和他生活在一个三线城市，高中相识，他对我一见钟情，在高中我有众多追求者，但高中的学习，无心恋爱。我和他去到了省会城市读大学，虽然在不同的学校，但他每个周末会坐公交车来找我，大一上学期结束我和他在一起了。我们就 展开c"
蓝鲸铲史官,07月25日 14:48  来自 微博视频号,"c
蓝鲸铲史官
07月25日 14:48  来自 微博视频号
1996年电视连续剧《宰相刘罗锅》热播时，著名演员李保田作客节目 L蓝鲸铲史官的微博视频
播放视频"
西梅鉴茶师,07月25日 14:03,"c
西梅鉴茶师
07月25日 14:03
大龄剩女是不是都不好打交道？
我在上海，加了不少相亲群，一个都没约出来，仅聊天最后都出了问题。
女1，40岁，矮胖，河南人，上海公务员，党员。
加了她，我介绍了下我的情况，我发了自己照片，让她也自我介绍一下。
她说自己40岁，还小，不是离异，一直单身，还是个宝宝。没有结过婚，更没有孩子。 展开c"
知書club,07月25日 13:11  来自 知書club超话,"c
知書club
07月25日 13:11  来自 知書club超话
知書club超话 自序丨2022 年 9 月 9 日，我在哔哩哔哩网站（简称“B 站”）发布了一期名为“为了让悟空脱离低级趣味，佛祖究竟花了多少经费？”的时长 35 分钟的视频。这个视频的播放量迅速破了千万次。此后，我发布的所有“西游”系列视频火得一发不可收，在我这个主打讲解历史的自媒体频道中，其 展开c
























































播放视频"
西梅鉴茶师,07月25日 09:59,"c
西梅鉴茶师
07月25日 09:59
大龄剩女，会为了择偶放低要求么？
说说我吧！
我94，女，农村非独，身高155，体重45kg，单亲，长得很一般。家里条件曾经好过，后来落魄。个人条件：学历硕士，市区编制工作。
21年以前我的择偶要求：男生年龄88-93，体制内工作，市区工作，身高168及以上，不要太胖，保底本科学历。家庭条件跟我公积金 展开c"
xunn8888,07月25日 00:19  来自 iQOO Z3 性能先锋,"c
xunn8888
07月25日 00:19  来自 iQOO Z3 性能先锋
想想这几天为什么对我爸的过度关心这么抵抗，因为这不仅是过度关心的问题，更是过度管控掌控，你真正想给我建议，提醒注意安全点到为止，更应该和我分享喜悦，放我独立，让我自己去经历，就算是吃亏也是成长，至于担心我一次尝试就万劫不复，我实在不知道怎么应对，你用这个来恐吓我，而不是和我客观分 展开c"
木木思阳,07月24日 21:34  来自 Redmi K70E,"c
木木思阳
07月24日 21:34  来自 Redmi K70E
第一次遇到比我还了解我的人

今天上午面了一家中意很久的公司，在面试前做了大量的准备工作。

比如，我提前做了大量的调查工作，提前摸清楚了公司有几条产品线，同时也快速看完了互联网上能搜到的所有和公司有关的文章和视频，还通过一些采访和调查提前记住了公司老总姓名和外貌。

除此以外，我甚至 展开c"
双双今天更好了嘛,07月24日 07:18 转赞人数超过300  来自 微博轻享版,"c
双双今天更好了嘛
07月24日 07:18 转赞人数超过300  来自 微博轻享版
HiHi大家！好久不见！

我从北京搬到杭州来啦！具体原因能讲一百条，但叹口气，总结来说就六个字：“不适合，不幸福”。

前段时间一直在逃避社交媒体，尤其微博，我连登上号的勇气都没有，我在抗拒分享。甚至关掉了朋友圈。前段时间我没想明白自己在抗拒什么，只是固执地关上了门。

来杭州后很欣喜， 展开c"
问舟--,07月23日 12:17  来自 REDMI K80 Pro,"c
问舟--
07月23日 12:17  来自 REDMI K80 Pro
我在家里，所有的坏习惯都是在保护自己，却又被他们拿来当成刺向我的利器。他们哪怕再文质彬彬，再在体制内拿着稳定收入，心也归属于农村社会，不愿融入城市，不愿成长进步，因为没有经验，所以关乎别人的成长，就只能冷眼旁观，还要逞强做做表面工作维护自己的面子。"
栀子橘子汽水味,07月23日 06:00,"c
栀子橘子汽水味
07月23日 06:00
我老婆是理工科博士，嫁给我之前，她压根儿没谈过恋爱。她模样看着带着股孩子气，个头不高，特爱笑，性格那叫一个好。如今呢，在体制内上班。

我本科毕业就投身创业，现在有个小公司，规模虽说不大，但日子过得也算滋润。我俩是通过相亲认识的，她导师和我在生意场上有往来，平日里打交道不少，就寻思 展开c"
西西酱SeogCheon,07月22日 21:09 转赞人数超过40  来自 西西酱的iPhone 16 Pro,"c
西西酱SeogCheon
07月22日 21:09 转赞人数超过40  来自 西西酱的iPhone 16 Pro
最近在反复琢磨的一句诗：「欲买桂花同载酒，终不似，少年游」。

无意刷到一个抖音，一个导游分享的带老年团的经历，基本上属于中产阶级人群，群体也都是医生这一类的。收入待遇都会高于普通人群。
但是他有一个很深的感受就是「即使现在有钱有时间了，但身体却不允许去体验生活了。」
评论区有一句话 展开c"
思考未来666,07月22日 06:57  来自 微博视频号,"c
思考未来666
07月22日 06:57  来自 微博视频号
分享视频 L思考未来666的微博视频
播放视频"
谭超可爱,07月20日 21:38  来自 iPhone客户端,"c
谭超可爱
07月20日 21:38  来自 iPhone客户端
美好周日以《长安的荔枝》收尾。
本以为是一部放松心情的搞笑电影，没想到自己会在影院落泪。老公都莫名其妙：这情节也能哭？
电影讲的是小官员老好人李善德接到命令为贵妃诞辰从岭南往长安运送荔枝、与时间打仗终于打赢的故事。
李善德其人，老实本分、头脑简单、不灵泛认si 理，是颇为常见的体制内基 展开c"
吴高龙,07月20日 20:21  来自 老吴有话说超话,"c
吴高龙
07月20日 20:21  来自 老吴有话说超话
老吴有话说超话气死我了，今天不谈耿老太，不，人家岁数大了，我还是尊称她为奶奶吧，耿奶奶的画好与丑，耿奶奶的画值不值得收藏？我前两期视频已经说得很明白了，今天我不再重复，我今天只谈一件令我十分气愤的事情。耿玉坤老奶奶的画到底是印刷品还是版画？我在前期视频当中也给出了不是版画，它 展开c"
作家叶倾城,07月20日 01:44 转赞人数超过100  来自 微博网页版,"c
作家叶倾城
07月20日 01:44 转赞人数超过100  来自 微博网页版
职场人模人样，相亲狗模狗样——男人的逻辑为何如此怪异？

三十上下的单身女子，体制内工作近十年，这几年忙于相亲。
她向我发牢骚：
感觉职场跟相亲是两种相互矛盾的逻辑。
职场上，领导们都说：男生普遍情商更高，更会说话，更会看人眼色，而女生相对社会化程度低，说话做事比较任性。
相亲时，长辈 展开c"
言回11000,07月19日 09:11  来自 iPhone客户端,"c
言回11000
07月19日 09:11  来自 iPhone客户端
不行贿，就有罪
23年生死两茫茫

我叫×××，1986年毕业于吉林大学历史系，留校工作7年，不满30岁出版个人专著《蒋介石的纵横生涯》，后调出从事新闻工作，1999年，以全国第一名的成绩、特殊引进人才的身份调入上海文广新局（集团），2002年6月份，因爱人在沪的工作无法确定，由吉林省委统战部发商调函， 展开c"
言小言智慧与钱,07月18日 20:40 转赞人数超过10  来自 iPad Pro,"c
言小言智慧与钱
07月18日 20:40 转赞人数超过10  来自 iPad Pro
很多东西，有人是“生下来就有“。
我们这些没有的，原生家庭破碎的，弯路走遍的，没人爱的。怎么办？
我们就”生来就活该破碎”？我们就该自然堕落下坠，我们就该活的很差吗？
我们就该不断说服自己“过完平凡的一生”吗？

我在体制内上班的时候，单位有次演讲，我的主题是“在平凡的岗位上做出不平 展开c"
来到火山口的幸运鱼蛋yuyu,07月18日 09:02  来自 iPhone 15 Pro,"c
来到火山口的幸运鱼蛋yuyu
07月18日 09:02  来自 iPhone 15 Pro
进体制这么久 第一次觉得这么累 不是身体上的累 是心灵上的累 面对着一眼就望到头的生活 每个月拿着2k的工资 我都不知道是什么支撑我干下去 可能是违约金吧 说我有多热爱我的职业吗 其实不然 它只是能让我在现在就业形式这么困难的情况下能够不靠父母混口饭吃 每天重复做着同样的事 真的很枯燥 考不完 展开c"
用户6705914920,07月17日 14:42  来自 CVTV焦点访谈超话,"c
用户6705914920
07月17日 14:42  来自 CVTV焦点访谈超话
CVTV焦点访谈超话 本人张瑞，现实名举报唐浪生以案谋私，滥用手中权力、徇私枉法、充当保护伞、恶意报复本人。叙州区纪委监委张贵等人非法羁押、刑讯逼供、捏造事实、私自隐匿材料，制造冤假错案。2017年成都派出所副所长张兵与人发生纠纷，将劝架的无关人员打成十级伤残。当时我是江安县城关所所 展开c
播放视频"
西梅鉴茶师,07月17日 13:26  来自 兔宝宝笨笨iPhone客户端,"c
西梅鉴茶师
07月17日 13:26  来自 兔宝宝笨笨iPhone客户端
体制内无欲无求，可以硬刚领导嘛？
硬刚过一次，后来被迫离职了。
当时我是部门副职，下面固定有两个人，上面有部门正职，还有个分管领导。
分管领导爱越级管理，从来都是无视部门正职，直接指挥我或者我的下级。
单位有值班制度，值班人员周未两天必须保持电话畅通，且到办公室来看一眼有没有需要处理 展开c"
给你一口甜吧,07月15日 14:48  来自 iPhone 13,"c
给你一口甜吧
07月15日 14:48  来自 iPhone 13
#心理学##心理成长联盟#
信念固着：为什么我们总爱“固执己见”？

你是否见过这样的场景：有人坚信“某偏方包治百病”，哪怕医学报告摆在面前，仍坚持“是医生不懂”；有人认定“自己天生不适合演讲”，即便多次公开表达获得好评，仍觉得“只是运气好”。这种“证据再多，我自岿然不动”的现象，在心 展开c"
嘉人的秘密花园,07月15日 00:27 转赞人数超过200  来自 iPhone 14 Plus,"c
嘉人的秘密花园
07月15日 00:27 转赞人数超过200  来自 iPhone 14 Plus
昨晚跟朋友吃饭，聊得挺多。

其中一位说了他母亲去年夏天发现肿瘤后求医治疗的经历。他属于人脉极广、路子很野的那类人，所以给他妈妈安排得很好。术后用了默沙东的免疫疗法，21天一疗程，一个疗程3.6万，连续4个疗程。目前老人状态稳定。

他分享了这个过程中的很多细节故事，结论是：在这里，简单的 展开c"
TheOne无限,07月14日 21:43  来自 iPhone客户端,"c
TheOne无限
07月14日 21:43  来自 iPhone客户端
如何看待 2025 浙江 604 分高考生选择报考武汉一所高职？
我认为很务实，也很有魄力，贺同学明显是填了本科提前批军校没有被录取到之后，直接放弃了普通本科批次填报，选择了“定向军士”。
值得一提的是，去年，浙江的女生本科提前批军校最低录取分数最低就在600左右，今年更高。也就是说，604这个分 展开c"
酒酒啊酒酒啊酒酒,07月14日 17:22  来自 iPhone 16 Pro,"c
酒酒啊酒酒啊酒酒
07月14日 17:22  来自 iPhone 16 Pro
#酒子姐的测评##酒子姐你怎么又抽奖啊# 转+关+评，三连！7.18晚上抽两个人！分别送奶糖派周年小礼物freegirl的包挂和门卡套！（图片我放评论区）

众所周知前几天我去奶糖派试了内衣！几乎把它家所有热门款都试了一下！
以下是我在店里试的款式的简单评价
👙时光机：很好穿！我用这款试的罩杯，虽然 展开c"
艾德里安稀土,07月14日 11:50  来自 iPhone客户端,"c
艾德里安稀土
07月14日 11:50  来自 iPhone客户端
我的领导八卦到我在用八百个心眼甚至在群里求教我的体制内朋友们该如何回复他，他却毫无知觉而只是一往无前的继续八卦和不断地发那种搞笑表情包，让我在一个四五十岁的中老年男人身上看到了文科班的gay的影子"
晓涵不才,07月13日 19:59  来自 财宝宝超话,"c
晓涵不才
07月13日 19:59  来自 财宝宝超话
#旋律一响梦回2008北京奥运#

2008年大学刚毕业，我清楚记得那一年，开始跌跌撞撞进入职场，8月8日奥运开幕，那天非常热🥵我在临安团建，大家都热的回酒店吹空调，我一个人吃了很多山核桃

那一年我为了所谓的爱情，一头火热的离开tz内，去到了另一个城市，讽刺的是，一年后因为没有tz内的工作被劈腿 展开c"
泡泡桃桃李-,07月13日 10:00  来自 iPhone 13,"c
泡泡桃桃李-
07月13日 10:00  来自 iPhone 13
父亲再婚后，我大学四年没回去家，毕业回去看到后妈我愣在原地
那一刻，我与后妈的心墙坍塌

＂到家了。＂师傅停下三轮车，我掏钱时，视线越过低矮的土砖院墙，一个陌生女人正在父亲菜园里忙碌。
我手一顿，差点转身离开。
那是九七年盛夏，我大学毕业，整整四年没回过家。
绿皮火车拉着我穿过半个中国 展开c"
轩师-上善若水,07月12日 22:45  来自 微博网页版,"c
轩师-上善若水
07月12日 22:45  来自 微博网页版
体制内现在申请调岗太难了，如果没一股狠劲儿，你根本就办不成这件事。
申请调岗，难就难在，它伤害了领导的利益。一个单位里，干部队伍的岗位安排，是多次考量的结果。
-
既平衡了各个分管领导的利益，也让干部队伍在各自岗位上产生最大的价值。所以，对于每一个岗位安排，哪怕是在人数多的大单位，一 展开c"
何可可真可爱,07月12日 18:14  来自 微博视频号,"c
何可可真可爱
07月12日 18:14  来自 微博视频号
40℃的夏天告诉
我这个世界很爱我
爱的热辣
爱的滚烫
爱的让我不知所措
你的爱太沉重我受不起
你的热情心领了
我只想在线等一个后羿
要不射掉太阳
要不射掉该死的工作日，今天🤔休息！惬意#城市寻美记# L何可可真可爱的微博视频
播放视频"
无用的大树,07月12日 12:13  来自 iPhone 16,"c
无用的大树
07月12日 12:13  来自 iPhone 16
很多人只要参加一些公家的会议，哪怕是社区或者街道办举行的，也要拍照打码发朋友圈，随着我的年纪增长，刷到的越来越频繁。
可能对他们来说，正好可以借此塑造自己的某种圈子形象。
平时没什么机会触碰到，一旦接触了，就拍照发圈，一方面显示自己有价值，另一方面暗示自己在接触“核心”。
不过我在 展开c"
Suet萧冬冬,07月12日 11:01 转赞人数超过50  来自 iPhone客户端,"c
Suet萧冬冬
07月12日 11:01 转赞人数超过50  来自 iPhone客户端
体制内5年编制辞职后，到互联网做运营啦 LSuet萧冬冬的微博视频
播放视频"
青话,07月11日 13:31  来自 微博网页版,"c
青话
07月11日 13:31  来自 微博网页版
初恋A，是毕业工作后经人介绍认识的，在那之前，我一直抱着宁缺毋滥的心态迟迟不肯付出自己的真心。但在遇到初恋A之后，我的内心告诉我，就是他了。其实，单纯论客观条件的话，A的条件很一般，跟我其实是不够平等匹配的。但是，我却偏偏喜欢上了他，因为我父母觉得A当时刚辞职在家待业，工作不稳定，希 展开c"
春雨杏花下江南,07月11日 12:35  来自 微博网页版,"c
春雨杏花下江南
07月11日 12:35  来自 微博网页版
复旦大学的沈逸教授还在问：“岛内的群众和台jun，你们也要自己想一想，你们（搞独）到底要图个啥？”
图个啥？图大陆的利益啊！
我要是台湾人，面对如此gui舔我的政策，我也不想回归啊。我老老实实回归，就是个普通人，我得跑大陆来拼下半生。
但是我搞独，大陆不但送钱，送政策，我在海巡署，我可以 展开c"
朴碎碎_,07月10日 23:33,"c
朴碎碎_
07月10日 23:33
深夜长篇所感‖ 人这一辈子绝不能为面子买单

晚上和我妈出去散步，谈到一个亲戚，自身条件一般，谈恋爱时遇到一个高薪男，没深入了解就嫁了，婚后生了儿子才发现老公百万年薪一分不往家里花，所有钱都用来买房还贷，每套房都写自己父母的名字。婆媳有矛盾老公也不支持妻子，在家里把妻子完全屏蔽当空 展开c"
思维螺旋,07月10日 21:31 转赞人数超过300,"c
思维螺旋
07月10日 21:31 转赞人数超过300
我以前面试过一个孩子，印象深刻。其他孩子都是名校的，只有他是一个普通的211的硕士。

他发了几篇中文期刊的文章。我看了看，问了他几个问题。

我发现一个很神奇的现象，他每个分析都做得很努力，但是到了关键性科学问题都做不下去了。

只差一点点方向性调整就可以发高一个水平文章，但每次就是没 展开c"
永定河之王,07月10日 11:59  来自 iPhone客户端,"c
永定河之王
07月10日 11:59  来自 iPhone客户端
可以把畫都變成真的嗎
看到了所有的盡頭以後，我患上了一種無力無聊無趣無能無意義的病，醫生、神婆、道士、和尚，都說無能為力，直到我真的分幣不剩，我的焦慮使我決定把前一年寫的所有東西都發出來，在反覆打磨中我看見舌頭是一把利劍，我用它斬斷痛苦，纏繞愛人，那天我睜開眼睛發現人生22年從來沒 展开c"
屠龙的胭脂井,07月10日 06:19 转赞人数超过1200  来自 微博网页版,"c
屠龙的胭脂井
07月10日 06:19 转赞人数超过1200  来自 微博网页版
亲爱的朋友们，我从来不按头安利我的播客，但是明天我要发一期播客（视频可能一起上），我按头安利所有人。

为什么？因为我请了一个特别特别牛的企业家：江苏小天鹅前董事长李石生先生。

江苏小天鹅，是江苏省第一个年营收破百亿的企业，当时国家所有领导人都发去贺电。

所以能请他这样的传奇出山， 展开c"
葛瑞阿雷亚,07月09日 14:47,"c
葛瑞阿雷亚
07月09日 14:47
大数据的嗅觉简直不要太灵敏了，我眼中的早安，小白猪和小白猪的小助理发出去的第二天就给我推了一篇关于体制内的博文。

虽然文章没给我啥共鸣，但这件事本身却引起了我的好奇，我决定去搜搜一众博主笔下的体制内群像。点开搜索目录最top的 “体制内的人”，往下那么轻轻一划拉，guess what？

小白 展开c"
用户6705914920,07月09日 10:11  来自 郑州大学超话,"c
用户6705914920
07月09日 10:11  来自 郑州大学超话
郑州大学超话 本人张瑞，现实名举报唐浪生以案谋私，滥用手中权力、徇私枉法、充当保护伞、恶意报复本人。叙州区纪委监委张贵等人非法羁押、刑讯逼供、捏造事实、私自隐匿材料，制造冤假错案。2017年成都派出所副所长张兵与人发生纠纷，将劝架的无关人员打成十级伤残。当时我是江安县城关所所长， 展开c
播放视频"
Hoolucy,07月07日 13:54 转赞人数超过900,"c
Hoolucy
07月07日 13:54 转赞人数超过900
#我的微博日常#
读研这三年我真的碰到了一位非常好的导师

现在我已经毕业，双证拿了，不在体制内工作，不妨说些可能冒犯他人的真话，真心感谢一下我的导师。没有什么华丽的辞藻，都是一些碎片化的叙述我觉得更真实一些

老师跟我父亲一样的年龄，50多岁，但非常能和年轻人共情，知道现在就业环境 展开c"
每天都要喝九杯水,07月07日 13:18  来自 iPhone客户端,"c
每天都要喝九杯水
07月07日 13:18  来自 iPhone客户端
最近怎么冒出来想读博的想法
其实心里这里声音是一直有的
不过是时而强烈时而微小
我不知道
不知道怎么办了
我今年读博最强烈的时候是自己带着文章去浙大开会
有个女老师的那种从容和自信让我非常非常非常羡慕
我好想自己也称为她那样
我觉得自己读完博就能成为她那样了
hhhhhhh其实并不是

我现在觉得 展开c"
共情不易,07月06日 17:06 转赞人数超过100  来自 iPhone 15 Pro Max,"c
共情不易
07月06日 17:06 转赞人数超过100  来自 iPhone 15 Pro Max
最近最开心的事情是成功说服表姐去看张杰演唱会

表姐今年三十多了，做着稳定的体制内工作，并且有一个快要上小学的女儿。她在快男那一年爱上的张杰，房间里贴满了他的海报。我小时候最幸福的事情就是去她家玩，跟她一起看她偶像的东西，可以说我的追星启蒙应该就是她。印象里的表姐一直三天两头会提起 展开c"
王盐Charles,07月05日 21:30  来自 微博网页版,"c
王盐Charles
07月05日 21:30  来自 微博网页版
如果不能升职加薪，还应该努力工作吗？

网友提问：我在体制内上班差不多快两年了。有时候会看看您给别人的一些回答，我有一些疑惑想问一下。

比如您说要好好工作，争取升职加薪。这样才能过上自己想过的生活，追求到自己喜欢的人，解决当下的问题。

但是在体制内两年来，自己遇到的情况是你做得越认 展开c"
非主流教育专家刘博士,07月05日 21:27,"c
非主流教育专家刘博士
07月05日 21:27
我的马甲是 @大熊湖的春天

感谢宝妈的分享：

我在体制内工作。当初生完美宝后，回国上户口，害怕单位知道，所以办了一张中国国内的出生证，上了户口。户口上出生地和生日都跟真实的出生证上不一样。

前天，在香港更换旅行证，被特派员公署拒接更换。要求回当地的派出所，将出生地和生日更正过来。
展开c"
-晓可爱-,07月04日 20:27  来自 微博视频号,"c
-晓可爱-
07月04日 20:27  来自 微博视频号
#刘端端体制内的魅力#刘端端用骨血喂养角色，让每个灵魂都长出新的纹理。对待表演始终认真专注，用专业和敬业赢得尊重，展现了一个好演员的纯粹与坚持L刘端端工作室的微博视频
播放视频"
Bunnies糖,07月04日 18:05  来自 Xiaomi 13,"c
Bunnies糖
07月04日 18:05  来自 Xiaomi 13
我在公司的人设是，家人在本市父母体制内有钱老家在山东的单身女性，家里重男轻女至今还会没收我的工资未来没收我的彩礼。
有天我的男同事突然说，你家拿走你的彩礼工资还给你吗？
我说，谁知道，万一给我弟买房了呢？
他说，这不是个好事。
我顺嘴接话，当然不好。
他说，这是你妈问你要的吗？
我说， 展开c"
壬子说易,07月04日 15:03 转赞人数超过100  来自 iPhone客户端,"c
壬子说易
07月04日 15:03 转赞人数超过100  来自 iPhone客户端
最近在网络上经常看到一个观点：这个世界是一个巨大的草台班子

其实，对于这个观点，如果你亲眼亲历过几十年的社会变迁，是很难完全认同的

记得孩童时候，我曾问过爷爷奶奶，工人的待遇这么好，为什么不去当工人而要选择务农

爷爷奶奶和我说，在他们那个年代，只有城里才有足够多的工厂，而那个时候 展开c"
红色康乃馨6012599572,07月03日 23:02  来自 vivo S16,"c
红色康乃馨6012599572
07月03日 23:02  来自 vivo S16

体制内的我
现在，我终于学会了和自己和解：慢慢活成了自己喜欢的样子，找到自己舒服的节奏，按时上班、准点下班，经营好自己的小日子。
我重新拾起写作的习惯，在自己认为安静的空间里记录日常的思考、生活的琐碎、心灵的感悟。在这片宁静的精神“后花园”里，我找到了内心 展开c"
兮兮里a,07月03日 21:15 转赞人数超过7200  来自 iPhone 16 Pro Max,"c
兮兮里a
07月03日 21:15 转赞人数超过7200  来自 iPhone 16 Pro Max
#刘端端淋过雨所以想给后辈撑伞#

因为自己淋过雨，所以想为更多人撑伞，这句话在他身上具象化了。有被刘端端暖到，听完很难不哈特软软，真就专业和人品都很棒一哥这哥身上一直有着一种任尔东西南北风，我自巍然不动，独到通透的处世哲学。

昨天在#第三届北京网络视听艺术大会# 十几分钟的演 展开c




播放视频"
晚来天欲_雪,07月03日 21:07  来自 微博网页版,"c
晚来天欲_雪
07月03日 21:07  来自 微博网页版
前些天跟一直在工作上很照顾自己的师兄聊天，他就说如果前几年我经由工作在独立的同时还初步感知了社会真实复杂的光谱，那后面要注重将工作成绩和履历有所梳理、呈现和逐步转化，这样对自身处境的改善会越来越正向与明显。我反馈说现在也蛮好了，生活和工作的平衡是满意的（尽管同时更多时候充满存在论 展开c"
糖笑倾城,07月03日 20:38  来自 微博视频号,"c
糖笑倾城
07月03日 20:38  来自 微博视频号
#李兰迪苏橙橙##高干文女主#
白衬衫黑长裤太干练了！天选高干文女主就是这样的！自信闪闪发光！
妹妹比例也越来越好了，好长的腿！落落大方，口条清晰感兴趣戳右O网页链接 L糖笑倾城的微博视频
播放视频"
尹香武,07月03日 09:34,"c
尹香武
07月03日 09:34
【一个电话，一通感叹】

刚接完个电话，真是感慨万千啊。电话那头的声音说，他现在极端的后悔了。为什么呢？因为我在2021年的时候就提醒了断流的问题，而在此前，我已经几乎用最高的分贝提醒说很多房产要清仓了。不仅如此并且我还说再这么搞下去，房地产会成为一个末日恐龙世界。

而2022年2月23号呢 展开c"
樊渊尘,07月02日 23:09  来自 vivo X60Edge蔡司影像,"c
樊渊尘
07月02日 23:09  来自 vivo X60Edge蔡司影像
今天没有学习，今天看了一天的伪装者，晚上和来这里旅游的给我很大帮助，令我焦虑的小舅、三舅姥一大家子去海边。今天冥想的时候看到了一座碑，掩盖在暗绿色的层层叠叠的松树下，很高也很宽，抬头只能看到迷雾。碑文又是无字的。小舅给了我很大的帮助，我不喜欢小镇的人情，政府或者体制内的倾轧与乱象 展开c"
玲珑的小宇宙,07月02日 18:05  来自 小米11,"c
玲珑的小宇宙
07月02日 18:05  来自 小米11
体制内新手让自己安全又快乐的绝招

体制内新手一定要保护好自己

￼

熟悉我的都知道，我在体制内5年，

掉过不少坑，特别是工作前两年，

不断被领导pua，工作上被鸡蛋里挑骨头，

一点小错被骂半天，不断被挑错，陷入无尽的自我怀疑当中，

工作前自信活力的我，在入职后的半年内变得自信全无，

唯 展开c"
方人也marine,07月02日 12:06  来自 铍铍爸爸的iPhone 15 Pro,"c
方人也marine
07月02日 12:06  来自 铍铍爸爸的iPhone 15 Pro
我是18年大学毕业的，当时我没保研的同学们要么直接找工作（很少），要么在准备考研（甚至跨考金融和计算机的都不少）。和本科同学聊天时候，都说那时候根本没人在考公（我在最近几年才搞清楚国考和省考），图书馆全是考研的书。以前认识的人没考上研，家里安排了老家体制内工作，我们当时还挺惋惜说这 展开c"
紫去独闲,07月01日 20:01  来自 iPhone 16 Pro Max,"c
紫去独闲
07月01日 20:01  来自 iPhone 16 Pro Max
【小紫晚上好，想投一个稿，心里很复杂，也希望姐妹们开导开导我，人活在这世上真的太累了选中请厚码谢谢～

小紫，从高中一直关注你，现在已经工作了，想讲讲我的经历。

我爸妈在我很小的时候就离婚了，我跟妈妈。

我爸跟失踪了没区别，没给过抚养费，一年最多只联系一次，只问成绩如何。有时候 展开c"
王盐Charles,07月01日 19:00  来自 微博网页版,"c
王盐Charles
07月01日 19:00  来自 微博网页版
婚后异地恋，应该从单位辞职去老公的城市吗？

网友提问：我今年34，在事业单位做人事工作。我学金融的，当初考进来，人事处缺人就安排我干，一直干到现在。今年我结婚了，老公外省工作，现在面临夫妻异地的问题。我想去老公那边工作，但是我在体制内的工作经验对找工作没有任何帮助。体制内的人事工作 展开c"
大宾哥Pro,07月01日 15:26  来自 HarmonyOS设备,"c
大宾哥Pro
07月01日 15:26  来自 HarmonyOS设备
硅谷杀妻案于轩一的悲剧结局到底是能惊醒许多女性的“纯元无辜梦”，还是代入前女友继续沉浸在雌竞迷梦中？

这问题从陈某案发我一直想写，但一直苦于细节不够充分，出于本人的解构习惯，难以展开相对客观和有价值的推论，故一直搁笔。

最近案件有了新进展，结合我和一些群友的讨论、吸收和倾听相关意 展开c"
薄荷-十一,07月01日 11:26  来自 三星Galaxy S22,"c
薄荷-十一
07月01日 11:26  来自 三星Galaxy S22
这是我在这个岗位的第八年。不说勤勤恳恳任劳任怨，起码我做到了积极进取，热爱学习在不断提升自己。

相比摸鱼的同事，我们拿着同样的工资，做的同样的工作。我问心无愧，她心安理得。我们都在愉快地打工。

今天复盘能想到的是在一个表面制度公平，但是还是人情在上的单位里。努力其实是最不值钱的一 展开c"
赵老师很努力,07月01日 08:08,"c
赵老师很努力
07月01日 08:08
地级市月入3.5k，想要裸辞备考公职，合适吗？

网友来信：

赵老师，我在安徽一个地级市工作。

我的情况：

1.国企合资单位，月工资3.5k左右 五险一金都交的 ，在工作岗位已经做的比较熟练了。

2.但和领导关系一般 感觉后期比较难升职。

3.而且我们公司给我定的目标一年比一年搞去年是60w 今年是100 展开c"
要相信你自己很棒呀,06月30日 02:39  来自 微博网页版,"c
要相信你自己很棒呀
06月30日 02:39  来自 微博网页版
我是个懦夫，我得承认。
这一周短暂地将自己沉溺与虚幻的文学影视世界，
忘记了现实生活中困扰我的一切。
可是一想到明天要直面现实，
我的额头似乎又戴上了那个困扰我的紧箍咒。
想要继续躲避。
每个人都可以跟你说不要多想，
可是我不知道如何不去多想。
我其实清楚的知道问题的根源是举棋不定。
我 展开c"
桃树下有个李子,06月29日 13:55  来自 iPhone客户端,"c
桃树下有个李子
06月29日 13:55  来自 iPhone客户端
#清华硕士文眉是学历浪费还是偏见#
真的受够这种 “学历绑架” 思维了！清华硕士做文眉，怎么就成 “浪费学历” 了？大家都是靠本事吃饭、凭手艺赚钱，本质上和其他职业没区别，不过是选择的赛道不同。学历是努力的成果，不是限制人生的枷锁，它该是助力多元发展的底气，而非用来框定 “必须做什么” 展开c



播放视频"
情菓,06月29日 12:38  来自 微博网页版,"c
情菓
06月29日 12:38  来自 微博网页版
结婚第二天，婆婆就追上门来要我退彩礼，我一脸懵逼，退什么彩礼，为什么退彩礼，我这都还没回门呢！我不可置信的望着婆婆，可婆婆的态度很坚决，说彩礼是借人家的，要还，而老公的态度让我失望，婆婆赖在房间不走，我说“好，你不走我走！”
我跟老公是相亲认识的，我在体制内工作，每月工资4600元， 展开c"
晨筱曦兮,06月28日 21:52 转赞人数超过20  来自 微博视频号,"c
晨筱曦兮
06月28日 21:52 转赞人数超过20  来自 微博视频号
#清华硕士靠文眉月入3万被母亲反对#读书的尽头不就是为了有一份稳定的工作和收入吗？既然她都月入3万了还要反对什么呀？爱美之心人皆有之，现在纹眉是真的很赚钱呀…… L晨筱曦兮的微博视频
播放视频"
困困小羊羔-,06月28日 21:35  来自 微博视频号,"c
困困小羊羔-
06月28日 21:35  来自 微博视频号
#清华硕士靠文眉月入3万被母亲反对#

🔻天下永远没有白读的书，即使人家做纹眉，也是“谈笑有鸿儒，往来无白丁”，因为“物以类聚，人以群分”。
🔻咱们国家的普通大众什么时候才能开始明白，读书的意义并不单单只是为了工作，而是为了提升自己的思想思维和认知，这种故事要多宣传点，打破家长们对 展开c



播放视频"
少述派,06月27日 14:17  来自 微博音频,"c
少述派
06月27日 14:17  来自 微博音频
与其说这是写给话句社的一封信，还不如说这是我来话句社这两个月的一个自我大总结！
  与其说我是稀里糊涂的来到话句社还不如说我就是为了想改变自己而来话句社的！只是当时也只是为了抱着试一试的心态来到话句社试一试的，结果……！
  我有幸被幸运之神眷顾，被关爱，我这颗被土埋半截人到中年的老种 展开c

















播放视频"
徐来不吃鱼,06月27日 08:46  来自 微博网页版,"c
徐来不吃鱼
06月27日 08:46  来自 微博网页版
#比亚迪# 盘点近几年政府公务车青睐的汽车品牌，比亚迪直接断层第一
作为一名生活在长沙的博主，看到“各级政府每采购4台新能源车，就有1台是比亚迪”这份成绩单，以及由此引申出的“公务员都在开比亚迪”这个现象，我的感受可以说是既直观又深刻。

先说说“看到”的部分：在长沙，这已经 展开c"
龚晓明医生,06月27日 07:38 转赞人数超过100  来自 沃医妇科HarmonyOS设备,"c
龚晓明医生
06月27日 07:38 转赞人数超过100  来自 沃医妇科HarmonyOS设备
昨天接待了一个来上海参观我手术的妇科医生，她在合肥一个大型三甲妇幼做的不开心，离职去了一家民营医院，除了技术，什么品牌都还没有，我劝说她谨慎考虑在民营医院工作的事，或者说要去民营医院之前要做好一些准备工作。

现在外面的大环境对于民营医院不是很友好，病人不信任，国家不支持，传统媒体 展开c"
选择中医__董洪涛,06月26日 06:04  来自 微博网页版,"c
选择中医__董洪涛
06月26日 06:04  来自 微博网页版
#宝藏大学安利计划##专业报考指南##医学报考#推荐年轻学子选择中医专业

一

我学习并实践中医三十多年，我的感悟是，此生能选择中医作为职业，非常荣幸，自觉极有福报。

我也愿意推荐年轻人报考中医药大学。我的理由是，一方面中医是合乎天地之道的学问，学习中医即与道相伴，有助于提升自己的精神境 展开c"
-西西伯里亚-,06月25日 21:33  来自 iPad Pro,"c
-西西伯里亚-
06月25日 21:33  来自 iPad Pro
去俄罗斯的八天里在一众大妈大哥的团中遇到的唯二两个同龄人都是在读博士，一个是在圣彼得堡硕博连读的领队哥，一个是在湖南大学硕博连读的法学小哥。在俄八天常互相说说笑笑打打闹闹约着出去玩儿，离开俄罗斯各奔东西那天两个博士男不约而同过来跟我说“其实我好羡慕你”。

读研因为是否读博这事犹犹 展开c"
Yundor,06月25日 19:33  来自 iPhone 15 Plus,"c
Yundor
06月25日 19:33  来自 iPhone 15 Plus
忽然想到一个很有意思的内容主题💡
如果我是《欢乐颂》中的樊胜美，我会如何把一手烂牌打好？

ps：原著粉/剧粉不要来冲哈～ 仅仅只是娱乐下

💡先肯定一下，我觉得樊胜美最最最聪明的地方在于，知道自己是天崩开局也无人扶持的情况下这些年一直都在连续上班没有摆烂，也有节制开销，选择了合租和 展开c"
Rennone,06月25日 09:10  来自 iPhone 14 Pro,"c
Rennone
06月25日 09:10  来自 iPhone 14 Pro
有点羡慕那种家里都是学霸或者高学历的家庭。我家学历最高就是我，从小被灌输的思想就是读个中专靠关系混个班上就行。小学暑假在家补作业，表姐来找我让我别写了去抄别人的就行。班主任让我去参加兴趣班学数学，学英语，我妈说家里没钱。初中的学校送我去英国交换，只需要出机票和生活费，家里还是说没 展开c"
一ke小芋圆ing,06月25日 00:25  来自 Xiaomi 12S Pro,"c
一ke小芋圆ing
06月25日 00:25  来自 Xiaomi 12S Pro
写一篇随手记，算是对这一段感情的执着告一段落。
记得2023年2月份。因为抖音上的偶然，认识了你。于是在聊天之后加了微信，刚好你快要休假了，那时候其实我不太懂，可能那时候就是因为无聊，也刚好我也遇到一些糟心的事情我就加了你，稀里糊涂聊了半个月。我们就在一起了，很快快。你休假一个多月的样 展开c"
鱼鱼要美丽,06月24日 22:01  来自 iPhone 14 Pro Max,"c
鱼鱼要美丽
06月24日 22:01  来自 iPhone 14 Pro Max
完了，今天现实生活中说话额度已用光，本来想聊一聊，去年我做北京西城区小学选择的功课，以及今年五月突然被动在做杭州民办小学的功课。

明儿我有力气了再聊吧，反正就是北京和包邮区还是挺不一样的。这点是让我还蛮震惊的。

🐟像北京的话好的教育资源还是在公立校。 展开c"
幸福蕾蕾-,06月24日 06:28  来自 iPhone客户端,"c
幸福蕾蕾-
06月24日 06:28  来自 iPhone客户端
再说无数次该幸福的是我 我爸在拼尽全力为了家庭奋斗后事业小有成绩 他在我眼里是一个很厉害的人 是从最底层毫无背景的一个下井工人在社会上摸爬滚打很多年 甚至好几次快搭上自己的生命 见识了各种人情冷暖自知的事情才有了今天的小起色 他的内心要比我强大的多多多多 我妈是一个为了家庭付出心思和时 展开c"
Hikkikikiki,06月24日 02:33  来自 iPhone客户端,"c
Hikkikikiki
06月24日 02:33  来自 iPhone客户端
睡不着 说点儿废话吧
十二点已过 今天是2025年6月24日，是我在现单位在职的最后一天，心里有些期待，期待离开所谓安稳的体制内生活是否会更加丰富，有些兴奋，兴奋终于可以不用再时刻牢记人情世故很重要，说话留三分且对待群众有耐心，还有一丢丢不舍，也许是因为性格原因，很多同事都很喜欢我 展开c"
纯银V,06月23日 16:43  来自 入室抢劫爱情专案组超话,"c
纯银V
06月23日 16:43  来自 入室抢劫爱情专案组超话
入室抢劫爱情专案组超话
👧❤️ 福州女生脱单投稿，30岁，体制内工作。
定居福州的泉州人，独生女，研究生毕业，普通家庭，体制内工作。
期待与喜欢的人建立亲密关系，虽然在之前的相亲过程中有过一些怀疑人生，怀疑自己的时刻，但依然觉得两情相悦是非常美好的事情，也正是因为它很难，显得它 展开c"
青话,06月23日 10:21  来自 微博网页版,"c
青话
06月23日 10:21  来自 微博网页版
大学那会，我谈了个女朋友。有次她爸给她打电话，我在旁边听着，那语气、那架势，感觉不像是普通人，一问才知道，她爸是江苏某市的领导。

我这女朋友啊，天黑之后基本不在校园里溜达，除了上课，压根不出宿舍门，更别说在外面过夜了，那根本不可能。不过呢，她有个毛病，对别人来说可能不算啥，但作为 展开c"
喝红茶的三叔,06月22日 09:40  来自 微博视频号,"c
喝红茶的三叔
06月22日 09:40  来自 微博视频号
替“大脸弟弟”发一波，因为看着他的样子，不像是体验，而是真实～在送外卖。

从电视台主持人到外卖小哥是一波，如果火了是另外一波。祝福！

每个努力生活着的人都挺好。就算有广告成分，也希望他好起来。 L喝红茶的三叔的微博视频
播放视频"
Eilauka,06月21日 12:08  来自 iPhone 16 Pro Max,"c
Eilauka
06月21日 12:08  来自 iPhone 16 Pro Max
男朋友说结婚把他父母的钱花光了，搞得我现在心里很不好受，我该怎么办？

本人211硕士，安徽人，在广州的普通互联网公司工作，月薪15k。男朋友本科，甘肃人，广州三甲医院工作，影像科技师，月薪在15-22k左右变化，基本上每月20k+。
我们恋爱了快2年，也到了谈婚论嫁的年纪（我俩都是95年的），然后就 展开c"
聂辉华,06月21日 10:40  来自 微博网页版,"c
聂辉华
06月21日 10:40  来自 微博网页版
《“层层加码”的底层逻辑是什么？》

文/聂辉华（中国人民大学）

【核心观点】在中国特色体制下，等级制+不完全契约=压力型体制。压力型体制有两个表现：一是收益逐级上收，成本逐级下移；二是风险规避、宁左勿右，即层层加码。

一、背景
最近全国各地在开展违规吃喝专项整治。专项整治的目的，肯定 展开c"
孔玮老师,06月21日 09:40 转赞人数超过40  来自 微博视频号,"c
孔玮老师
06月21日 09:40 转赞人数超过40  来自 微博视频号
🎶深圳体制内小学音乐教师 | 两年职场新人
📈一直在按部就班的人生轨迹里寻求突破与可能。

@我就是Rita Rita用自己的亲身经历生动诠释：“在职场里，只要你足够想，你就能做到。”

如果你也希望获得这一份松弛与笃定，
那就来听听《职场人「进化」的三步指南》

⭐手把手带你：
1️⃣树立职场目 展开c













播放视频"
slimrich,06月20日 23:58  来自 iPhone 15 Pro,"c
slimrich
06月20日 23:58  来自 iPhone 15 Pro
嗓子痒了一天好不舒服啊 病疯了好想冲动一次半夜出发去大西北啊 感叹人生为啥走了一条最普通的普通人的路啊 体制内结婚生子 然后车啊房啊 天呐 我原本从小就打算不婚不孕环游世界 我在干啥？我的嗓子告诉我：我都干了些什么"
吞一颗小糖豆,06月20日 23:33  来自 iPhone 15,"c
吞一颗小糖豆
06月20日 23:33  来自 iPhone 15
喝了酒第一次感受到难过的情绪 今晚本来就是送别一个很好很负责的体育老师 他为了小孩上学跳槽去了七龙珠的中学 喊了几个比较熟的同事吃饭 黛姐拿了两瓶葡萄酒 大家还在开玩笑说这点不够我喝 后来只有我俩在喝 其实我有点晕

想到下午班里最后一节课是欣悦的 我问她考编怎么样了 她说还在努力地参加所 展开c"
全嘻嘻微博,06月20日 20:55  来自 微博视频号,"c
全嘻嘻微博
06月20日 20:55  来自 微博视频号
【前国家队康复师 @运动康复陈老师 】教我4分钟get正确走路姿势，零成本缓解肩颈&膝盖痛，懒人体态调整👏
（错误坐姿、站姿、睡姿、走路跑步姿势毁一生😠）


#全嘻嘻##全嘻嘻的睡前聊天##情绪树洞# L全嘻嘻微博的微博视频
播放视频"
杨升,06月20日 11:02  来自 HUAWEI Mate 60 Pro,"c
杨升
06月20日 11:02  来自 HUAWEI Mate 60 Pro
#专业报考指南##热点解读#
每年此时专业报考都是热门话题，很多朋友也私信前来提问，我便在此统一作答，希望能多多少少帮到各位朋友。

我长期从事国际新闻报道工作，当过《环球时报》英文版首席记者，本科和研究生所学都是国际关系及其相关专业。愿在此跟大家简单的说说#国际关系# 这个专业是学什么 展开c
























抽奖详情
好用免费的官方微博抽奖平台，营销推广、增加粉丝利器！"
轩师处世之道,06月20日 09:00  来自 微博网页版,"c
轩师处世之道
06月20日 09:00  来自 微博网页版
很多年前，某单位来了位形象姣好，气质绰约、能力强的小姑娘，朋友圈精彩。三年后，我在信访窗口碰见她素颜朝天填表格。这时我才明白当年老领导那句“彩云易散琉璃脆”的真意。在体制想要护住自己的光，得先学会往脸上抹灰……

她刚来时迅速在单位激起涟漪。第一层涟漪，来自月老领导们，单位大哥大姐 展开c"
皇城根下刀笔吏,06月19日 23:13  来自 微博网页版,"c
皇城根下刀笔吏
06月19日 23:13  来自 微博网页版
中国男性在婚后是否上交工资的问题，有几个不同阶段的演变。

在封建社会，不存在这个问题。因为那会儿女性地位很低，没有完整独立的人格和财产权，不涉及工资上交的问题。女性讲的是三从四德，夫为妻纲。

而且，那会儿是男性负责后代教育，所以古人讲，子不教父之过。不是母之过，跟母亲没关系。

新 展开c"
美美小兔子,06月19日 16:58  来自 iPhone 16 Pro Max,"c
美美小兔子
06月19日 16:58  来自 iPhone 16 Pro Max
#兔总的职场和教育分享#

【题主】
兔姐您好，我是一名21岁的女孩，音乐专业，这两天即将大学毕业啦。爸妈很疼我，因为不太想工作所以爸妈同意我在家里gap一年，但是他们也能为我找到还算不错的工作。

因为gap，但是我不想自己每天在家里蹲的荒废下去，所以想试试看申请香港的音乐研究生。其实读研是 展开c"
娱念昕,06月18日 11:40  来自 新浪微博4G版,"c
娱念昕
06月18日 11:40  来自 新浪微博4G版
我是土生土长的沿海省会独生女，爸妈一个在高校教书，一个在体制内工作。大学毕业后，我留在中部某省会城市上班，在这儿碰上了前男友。

他家境普通，爸爸在老家当保安，妈妈之前打零工，后来赋闲在家，最近才找了份保险推销的工作。不过这小伙儿倒是挺争气，工作上能吃苦又机灵，同事领导都夸他。平时 展开c"
海上月823,06月18日 10:59  来自 iPhone 11,"c
海上月823
06月18日 10:59  来自 iPhone 11
#体制内闯祸系列#
好喜欢看，越看越松弛。
1. 刚上班的时候 有一天扎了一个冲天的丸子头 要迟到跑太快了 然后拐角处撞上我部长，部长正在和旁边的人说话，丸子戳他嘴里了
2. 早退打电话挪车，结果把局长摇下来了。
3. 区长把杯子给我，我去加了水，结果他叫其他人重新换了一杯，因为那是隔夜茶
4. 我在 展开c











体制内闯祸系列
“体制内闯祸系列”是近年来社交媒体上流行的职场幽默话题合集，主要记录机关单位、国企、事业单位等场景中因言行失误引发的尴尬事件。这些内容以高度共鸣的喜剧效果传播，同时也折射出体制内特有的职场文化。---..."
脑残不许上网滚,06月18日 04:12  来自 iPhone客户端,"c
脑残不许上网滚
06月18日 04:12  来自 iPhone客户端
入夏以来我就没有轻松入睡过，最近没有课也没有考试 按理说应该是我最轻松的日子，但我常常感到焦虑又空虚。我马上要20岁了，我依然不知道自己想要什么。我觉得我是一个很割裂的人，从小到大所有的老师们都说我聪明听话懂事，说我是个成熟的孩子，当时我特别喜欢被这样夸奖。可实际上我就是一个喜欢耍 展开c"
马小婷的好嫁风,06月17日 12:20  来自 微博网页版,"c
马小婷的好嫁风
06月17日 12:20  来自 微博网页版
昨天有个gwy来投稿，问我认不认可我那些不工作的贵妇粉丝。

我在很早的时候建议妹子们进tz,我的粉丝有很多都是gwy。
很多人以为我建议妹子们进tz是因为可以好嫁。这是大多数人的理解。
觉得这种工作是女孩子最好的嫁妆，也有人觉得我鼓励女孩子多年书，每次放榜我粉丝考上了清华北大我都会特别开心， 展开c"
王盐Charles,06月17日 10:30  来自 微博网页版,"c
王盐Charles
06月17日 10:30  来自 微博网页版
男朋友农村的，应该结婚吗？

网友提问：父母有点不太同意我俩的感情，我也在努力考进体制，或者现在找一份体面的工作。

我在四线城市，24 周岁，168，长得还行。家里做生意，条件很好，婚前会给我二三十万的钱或者乡下小房子做婚前财产。我谈了个男朋友，大我 4 岁，175。

家里很普通，父母在农村做 展开c"
纯银V,06月17日 09:47  来自 入室抢劫爱情专案组超话,"c
纯银V
06月17日 09:47  来自 入室抢劫爱情专案组超话
入室抢劫爱情专案组超话
👧❤️ 成都女生脱单投稿，33岁，教育行业。
摩羯座，硕士，163cm，MBTI是infj， 体型匀称，相貌中等，偏内向，有运动习惯。工作生活于成都的北方人。 从事教育行业，非体制内，非教培，经济独立，有能力做副业。未婚未育，情感经历较少。择偶观：宁缺毋滥。
我一直都不 展开c"
奶盖有点闲吖,06月15日 23:11  来自 iPhone客户端,"c
奶盖有点闲吖
06月15日 23:11  来自 iPhone客户端
抖音经常看的一个博主晚一子每天分享的都是相亲日常
每次相亲前后都会权衡分析男嘉宾的情况，评论区也经常有人说她太过理智了
今天做脸的时候和我的美容师小姐姐也聊起结婚这个话题，女多男少的情况在我们小县城非常普遍，对于男性的最高的要求就是有一份体制内的工作了。
身边的已婚人员变多，好像自 展开c"
壁纸草,06月15日 17:05,"c
壁纸草
06月15日 17:05
一个人在体制内待久了会变成什么样？

1. 添加好友备注：
XXX主任，您好！我是XXX单位XXX科的小李，请多多指教。

2. 添加好友通过后：
XXX主任好！我是XXX办公室的小李。手机XXX，请您多多指导我们工作。

3. 领导安排工作时：
收到，立刻贯彻落实/认真研学。

4. 工作群收到通知时：
收到。

5. 需要 展开c"
玉垒关,06月15日 09:19  来自 iPhone 14,"c
玉垒关
06月15日 09:19  来自 iPhone 14
她的儿子说，她让他家的阶级滑落了至少一档。

她有一张饭卡，上面有单位打到卡上的7，8千元。因为她家就在单位附近，所以这个卡，她就借给同事用。谁用都可以。

类似的事情，我遇到过，我的饭卡有1000元，我打7折，卖给了同事。我爹看到后说，也就700元，送给同事得了。并且感慨说，城里的人情就这么 展开c"
长沙第一气人女孩儿,06月14日 21:06  来自 iPhone 14 Pro Max(暗紫色),"c
长沙第一气人女孩儿
06月14日 21:06  来自 iPhone 14 Pro Max(暗紫色)
我想做新闻记者。这句话我在心里默念了很多遍，很多很多遍，今天终于可以讲出来了。

去年11月hn广电集团总台新闻中心校招，我在近4000份简历里闯关。在此之前我求职没有任何正反馈，我很不自信，但我的老师鼓励我，新闻就是我的赛道。我第一次如此真挚地对待一次考核，我很努力，也很幸运地被人看见我 展开c"
晏凌羊,06月14日 20:12  来自 iPhone 15 Pro Max,"c
晏凌羊
06月14日 20:12  来自 iPhone 15 Pro Max
吓死了，还以为是领导在讲话，接下来我要接到通报处罚我的红头文件……不是官，但这语气胜似官，直接让我在类体制内单位待了十几年的血脉觉醒。"
Admit健康平安,06月14日 19:53  来自 OPPO Find X6 Pro,"c
Admit健康平安
06月14日 19:53  来自 OPPO Find X6 Pro
其实我一直是个挺向往自由和叛逆的人
我愿意像小s那样戏精却从来没有一个朋友懂我和接住我，我的单位也不允许这样的行为的人出现
我愿意染头发，尤其是当下流行的我想染黄头发和粉色，但是体制内不能这样
我愿意说话发言，但是我在单位是不被允许随便说话的，因为说出去的话，就不一定被传成什么样了
展开c"
社畜茶水间,06月13日 18:58  来自 微博轻享版,"c
社畜茶水间
06月13日 18:58  来自 微博轻享版
投稿：
Bot你好，茶水间的大家们好，我现在有一些困惑身边也没有人可以说，所以决定来投稿希望大家给我点建议，文字比较多，感谢看完，辛苦了。

我是24届双非二本会计学专业的毕业生，临近毕业家里人的意思是让我不要乱投简历，到时候毕业去舅公那边工作（之前因为我自己找实习被家里人大骂过 展开c"
我是阅心,06月12日 08:48  来自 华为 Mate X5 典藏版,"c
我是阅心
06月12日 08:48  来自 华为 Mate X5 典藏版
情感问答（1041）

问：异地婚姻，老公想要把孩子带在他身边养，这样合理吗？
由于双体制内原因，全家四处异地，我，老公，爸妈，公婆都不在一个城市。

婚前说好定居在我的老家。

近期老公想要把父母接到身边，想在工作的城市租房，买车。

老公的规划是等我生了孩子也把孩子接到他工作的城市，由公 展开c"
职场避坑指南,06月12日 08:12  来自 微博网页版,"c
职场避坑指南
06月12日 08:12  来自 微博网页版
体制内精明干练的女下属，被局长边缘化，为什么？

前几日，我和几个老友吃饭，做东的是老庞，现在是市局的局长，这只是一个小范围内普通的饭局，老庞却叫来了办公室的一位美女来服务。

席间这位美女，无论是从谈吐还是仪态，都给人一种强烈的信号：这个女人可不是一般的女人，透着精明与伶俐、透着野 展开c"
想哭出去哭,06月12日 00:17,"c
想哭出去哭
06月12日 00:17
嫁给富二代内耗了三年，终于提出了离婚
我和我老公是高中校友，恋爱7年，结婚3年，3年抱两，两个儿子。
我老公家是做生意的，踩上了建筑业的时代红利，公婆白手起家现有资产两个小目标左右，老公还有一个姐姐，姐姐体制内上班，不掺合家里的生意。我娘家是地道农村人，我有一个姐姐，还有一个小我十二 展开c"
Yuumyooo,06月10日 01:13  来自 iPhone 16 Pro,"c
Yuumyooo
06月10日 01:13  来自 iPhone 16 Pro
最近和爸爸洗脑说，我回TG只有一种可能，就是我在那边实在是过不下去了，但是也玩够了，然后存到了30个w，再去新加坡或者香港读一个一年制研究生然后回来当老师或者进体制内，感觉在这个过程中，把自己的脑子也洗了，内心一直有个声音“学英语学英语”，太可怕了，我的脑子"
庆山-安妮宝贝,06月09日 16:47  来自 微博网页版,"c
庆山-安妮宝贝
06月09日 16:47  来自 微博网页版
62 如果可以，30多岁可以暂时选择不上班过自己想要的生活吗？上班之后高负荷，已经没有生活了。而且人很疲惫。

答：人可以有任何选择，前提是为自己的选择承担责任。而不是做了选择，会给自己和他人带来更多烦恼和困难。

63 小朋友真的很难教。养育一个小孩，大人总是不自觉会把日常工作上的负担情绪 展开c"
轩师-上善若水,06月09日 15:31  来自 微博网页版,"c
轩师-上善若水
06月09日 15:31  来自 微博网页版
向上社交，尽管送，亏不了

一位在体制内工作了十几年的老领导对我说过的一句话，让我在往后的几年里遇到了不少贵人，也遇到了很多追随我的人，他说：想要向上社交，尽管送，亏不了，向下就直接给，不求回报。

向下直接给，不求回报，因为他们的境界没你高，比如说做管理的，你对你下属投资了，或者 展开c"
姜花的幸福生活,06月09日 14:19  来自 荣耀90 写真相机,"c
姜花的幸福生活
06月09日 14:19  来自 荣耀90 写真相机
我本想打电话不想写作文的，简单表达一下吧。
不管你朋友和95后漂亮女生是编故事找话题探讨三观还是确有其事，我都不想讨论，这是我一直强调的。一这是别人的事，过好自己更重要，二是我不认识他们，讨论过程中你随时可以加入新的条件，推翻我的观点，而我在新条件下接受你的看法又成了虚伪，这对我实 展开c"
职场避坑指南,06月09日 08:49  来自 微博网页版,"c
职场避坑指南
06月09日 08:49  来自 微博网页版
阅后即焚：单位的这些便宜，到底沾不沾？

有粉丝问：金锋老师，您好，我在单位后勤部门，有一次单位剩了一批被褥四件套，主任和我们几个分了，后来单位问起这批被子，主任推的特别干净，说被我们几个分走了，分管也没有深究，就是把我叫过去点了一下，说这几个人要么是事业编，要么是年龄大，只有我是 展开c"
